id,cattle_id,event_type,disease_name,medicine_name,application_date,administration_route,next_dose_date,treatment_end_date,dosage,veterinarian_name,notes,created_at,updated_at
5927f2b8-9175-4bab-8738-a9bfe179ed77,a0babefa-4124-41bc-a5bf-9cf851c7dcbd,illness,Parasitosis,,2024-07-12,,,,,,,2025-12-14 22:33:42.588639,2025-12-14 22:33:42.588639
0e048143-4e71-4bca-beac-5a8113b0706f,bcda213b-c99d-4b70-8ead-25b4e94e545d,checkup,,,2019-07-20,,,,,,,2025-12-14 22:33:42.588639,2025-12-14 22:33:42.588639
83eeb178-830e-4120-8ae8-959e1a5c63cc,094911fa-57d6-44d8-8b4f-583fd8a4fab8,treatment,Fiebre aftosa,Oxitetraciclina,2022-02-11,other,,,9 ml,Dr. García López,,2025-12-14 22:33:42.589645,2025-12-14 22:33:42.589645
4213cb66-5643-48de-9f3c-a450155fc8f5,d6fde476-0dda-477c-8fa0-a0a6ee7fdf3f,checkup,,,2020-01-19,,,,,Dr. Rodríguez Pérez,Qué efecto humana.,2025-12-14 22:33:42.589645,2025-12-14 22:33:42.589645
8ba715f8-4ad8-4940-b810-04d5b742eecc,1914a8e7-90ae-4f6d-a281-0056bb7e207d,vaccine,,Levamisol,2025-07-07,intravenous,2025-09-24,,8 ml,Dr. Rodríguez Pérez,,2025-12-14 22:33:42.589645,2025-12-14 22:33:42.589645
26d82a4c-1985-4a20-ae45-95458933e0f6,0ee61ad6-c79c-4b6f-ab63-2739b6609a52,checkup,,,2022-04-30,,,,,Dra. Hernández Ruiz,,2025-12-14 22:33:42.589645,2025-12-14 22:33:42.589645
5dac5ac8-e46c-4a88-98bb-2130ed9ebcbc,e36acfdc-e6c2-46e1-8ab5-576b8308808d,vaccine,,Penicilina,2025-06-30,oral,2025-12-02,,4 ml,Dra. Martínez Silva,Texto pero decisión defensa entonces.,2025-12-14 22:33:42.590645,2025-12-14 22:33:42.590645
9f0e5fba-990f-422f-8495-b5df4a85dedd,1b46effb-ee18-43ad-b175-76198e72deaa,treatment,Mastitis,Albendazol,2024-01-09,oral,,,2 ml,Dr. López González,Respecto existencia mucho juez programas estructura propia algunos.,2025-12-14 22:33:42.590645,2025-12-14 22:33:42.590645
ced2897c-a5c8-4dbd-a980-f63675bf799a,0dc501f5-031c-40c7-87c7-339d2da0bbbc,treatment,Parasitosis,Vitamina A,2022-09-21,topical,,,10 ml,Dr. López González,,2025-12-14 22:33:42.590645,2025-12-14 22:33:42.590645
21325ac8-cff2-4913-b4af-3fb02df8925a,2027cfc1-eb50-4ffa-ad00-7cbe24e21c4b,vaccine,,Antiparasitario,2025-12-08,intravenous,,,8 ml,Dr. García López,Considera embargo constitución casa ahí.,2025-12-14 22:33:42.590645,2025-12-14 22:33:42.590645
0dd414c2-4c0c-4057-b64f-2688d5575d4d,690b7988-0b89-49f4-98b0-0162a1941ca3,vaccine,,Ivermectina,2025-10-05,oral,2026-03-21,,10 ml,Dr. López González,Allá papel pacientes victoria todavía medidas tan.,2025-12-14 22:33:42.590645,2025-12-14 22:33:42.590645
983e09d3-bec5-411f-81ac-14c4cbc0bb4b,690b7988-0b89-49f4-98b0-0162a1941ca3,vaccine,,Vitamina A,2025-04-17,intravenous,2025-06-15,,4 ml,Dra. Hernández Ruiz,Cine película exterior ahora ciencia.,2025-12-14 22:33:42.590645,2025-12-14 22:33:42.590645
510ad479-d0fd-4518-a0fa-99ea2b3878eb,690b7988-0b89-49f4-98b0-0162a1941ca3,vaccine,,Vitamina A,2025-03-21,topical,,,3 ml,,,2025-12-14 22:33:42.590645,2025-12-14 22:33:42.590645
f4b9d992-1ce5-4cad-baa1-b2db0af3519f,01c1749f-6efc-40a8-925d-4bee5edcb869,checkup,,,2022-03-29,,,,,Dr. López González,,2025-12-14 22:33:42.590645,2025-12-14 22:33:42.590645
2190ceed-2933-452d-bfb7-36a845e37b59,01c1749f-6efc-40a8-925d-4bee5edcb869,vaccine,,Vitamina A,2025-03-03,oral,2025-08-09,,9 ml,Dra. Hernández Ruiz,,2025-12-14 22:33:42.590645,2025-12-14 22:33:42.590645
c33493dd-7e2e-41ba-887f-5296fcf9df9a,701a4e9f-103d-48e6-9d62-551d412363d2,other,,,2025-04-28,,,,,Dr. García López,Políticas visto actividad yo garcía ambiente trabajo.,2025-12-14 22:33:42.590645,2025-12-14 22:33:42.590645
857009ed-9718-468b-9501-a2a6fba8c701,701a4e9f-103d-48e6-9d62-551d412363d2,treatment,Tuberculosis,Penicilina,2025-11-25,subcutaneous,,,9 ml,Dr. García López,,2025-12-14 22:33:42.590645,2025-12-14 22:33:42.590645
85156473-44b3-4cff-b3a9-261b5b82c3e1,701a4e9f-103d-48e6-9d62-551d412363d2,treatment,Fiebre aftosa,Complejo B,2025-12-10,subcutaneous,,,3 ml,Dr. López González,Posibilidades rey centro iba hija público.,2025-12-14 22:33:42.590645,2025-12-14 22:33:42.590645
04f5ea4c-2372-4de7-8351-a4aaafba3fda,701a4e9f-103d-48e6-9d62-551d412363d2,treatment,Fiebre aftosa,Albendazol,2025-05-31,other,,2025-06-08,8 ml,,,2025-12-14 22:33:42.590645,2025-12-14 22:33:42.590645
c544fe58-0636-4040-986b-e04c28643c89,eaf2ea62-b77e-4b9b-9203-8b26aecef2f4,treatment,Rabia,,2025-06-29,,,2025-07-12,,,Distintas mantener sé dios le.,2025-12-14 22:33:42.590645,2025-12-14 22:33:42.590645
ca0ea7fd-d4f1-4a57-80bc-a8d4d253cb3a,eaf2ea62-b77e-4b9b-9203-8b26aecef2f4,vaccine,,Albendazol,2022-04-30,other,,,9 ml,Dra. Martínez Silva,,2025-12-14 22:33:42.590645,2025-12-14 22:33:42.590645
4a9b0dbf-1ea6-4d23-9e15-c96a86a92b37,d0944a74-88f3-4bcd-962c-60f5615402d2,vaccine,,Vitamina A,2023-05-25,intramuscular,2023-10-08,,6 ml,Dra. Martínez Silva,,2025-12-14 22:33:42.590645,2025-12-14 22:33:42.590645
f00b8698-a815-4514-8857-e05e958432f6,d0944a74-88f3-4bcd-962c-60f5615402d2,treatment,Neumonía,Complejo B,2022-10-10,oral,,2022-11-04,7 ml,Dra. Martínez Silva,,2025-12-14 22:33:42.590645,2025-12-14 22:33:42.590645
a5b1d9da-53b3-43bc-956d-69d72919edb0,96f4cea7-fe7c-414e-9187-4c051d362b49,checkup,,,2025-11-02,,,,,Dra. Hernández Ruiz,Oficial duda unión precisamente ve ambiente otras.,2025-12-14 22:33:42.591649,2025-12-14 22:33:42.591649
2719a81a-bfe7-47e1-bbef-7edb938f5fa0,96f4cea7-fe7c-414e-9187-4c051d362b49,checkup,,,2025-10-07,,,,,,,2025-12-14 22:33:42.591649,2025-12-14 22:33:42.591649
68387e06-45cc-410b-8ada-51a4279b95cc,96f4cea7-fe7c-414e-9187-4c051d362b49,vaccine,,Ivermectina,2025-03-03,topical,2025-05-02,,7 ml,Dra. Martínez Silva,,2025-12-14 22:33:42.591649,2025-12-14 22:33:42.591649
16ee3b62-c5c7-4c3d-afe8-cb65fc9c8330,96f4cea7-fe7c-414e-9187-4c051d362b49,illness,Brucelosis,,2024-10-12,,,,,Dr. López González,,2025-12-14 22:33:42.591649,2025-12-14 22:33:42.591649
90d73f7c-8f1d-46d0-a603-f0ca3ad8739a,885ede42-8c99-4714-838e-d08b90fb331e,treatment,Tuberculosis,Complejo B,2020-08-16,other,,,4 ml,Dr. García López,,2025-12-14 22:33:42.591649,2025-12-14 22:33:42.591649
40ae848f-e212-45f7-9206-5cedf8ecffa6,885ede42-8c99-4714-838e-d08b90fb331e,treatment,Neumonía,Vitamina A,2022-08-12,oral,,2022-08-20,3 ml,,Media unidos existe era cual modo.,2025-12-14 22:33:42.591649,2025-12-14 22:33:42.591649
2771b42b-2dc0-4bf0-a312-140362c4e68d,885ede42-8c99-4714-838e-d08b90fb331e,vaccine,,Vitamina A,2021-03-22,other,,,9 ml,Dr. Rodríguez Pérez,,2025-12-14 22:33:42.591649,2025-12-14 22:33:42.591649
01a1c64d-1767-4a07-a4ff-4855de37e0fa,885ede42-8c99-4714-838e-d08b90fb331e,checkup,,,2022-02-07,,,,,Dra. Hernández Ruiz,,2025-12-14 22:33:42.591649,2025-12-14 22:33:42.591649
c7dcb41f-dc08-44c7-b8e2-8dc56414d470,885ede42-8c99-4714-838e-d08b90fb331e,vaccine,,Vitamina A,2021-04-04,other,2021-05-05,,4 ml,Dr. García López,,2025-12-14 22:33:42.591649,2025-12-14 22:33:42.591649
1dc5d22e-1948-44f9-956b-dcecae7114e0,53cf079b-afc7-44c2-ae57-4bab253b2db0,vaccine,,Penicilina,2024-02-16,subcutaneous,,,1 ml,Dr. López González,Nadie imágenes ciudad visita las.,2025-12-14 22:33:42.591649,2025-12-14 22:33:42.591649
312dbc4b-ab36-410b-95da-a3e1808e8758,53cf079b-afc7-44c2-ae57-4bab253b2db0,treatment,Mastitis,Antiparasitario,2023-12-20,intravenous,,2024-01-16,10 ml,Dr. López González,Cosa fácil sigue programas formación poco naturaleza.,2025-12-14 22:33:42.591649,2025-12-14 22:33:42.591649
cc1fed64-3ca8-4bef-9948-a711bcd04aa4,53cf079b-afc7-44c2-ae57-4bab253b2db0,treatment,Mastitis,Antiparasitario,2025-04-19,intramuscular,,,8 ml,Dra. Hernández Ruiz,Cuarto estilo esos.,2025-12-14 22:33:42.591649,2025-12-14 22:33:42.591649
07b4840a-1ba2-47c8-83ca-2b5cce3e4527,53cf079b-afc7-44c2-ae57-4bab253b2db0,checkup,,,2025-09-09,,,,,Dr. Rodríguez Pérez,,2025-12-14 22:33:42.591649,2025-12-14 22:33:42.591649
308c34d8-71aa-4341-92b2-7e5a3cb64178,28b9a9be-fc58-406b-9691-75d4f1fc9ef0,vaccine,,Oxitetraciclina,2024-03-13,intramuscular,2024-08-13,,2 ml,Dr. García López,Oro voy mil aspectos necesario habría favor.,2025-12-14 22:33:42.591649,2025-12-14 22:33:42.591649
14d9781a-efc6-4849-a81e-b78c7fccd26b,28b9a9be-fc58-406b-9691-75d4f1fc9ef0,vaccine,,Vitamina A,2025-08-26,subcutaneous,2025-11-08,,2 ml,,,2025-12-14 22:33:42.591649,2025-12-14 22:33:42.591649
5a509468-97fc-48f0-865b-9ff9bbb8e0a6,28b9a9be-fc58-406b-9691-75d4f1fc9ef0,vaccine,,Penicilina,2023-08-02,intramuscular,2024-01-05,,5 ml,,Mayoría consecuencia medio plan así cama fiscal.,2025-12-14 22:33:42.591649,2025-12-14 22:33:42.591649
8a769eb3-5ee2-41f6-a0b1-10647208e59d,014a4a38-0732-407c-9d89-b228ae5a9cc7,vaccine,,Vitamina A,2024-05-27,topical,,,2 ml,Dr. García López,,2025-12-14 22:33:42.591649,2025-12-14 22:33:42.591649
fc774edc-c01d-4560-8666-a30b8304da2e,014a4a38-0732-407c-9d89-b228ae5a9cc7,checkup,,,2024-06-14,,,,,Dr. López González,,2025-12-14 22:33:42.591649,2025-12-14 22:33:42.591649
b52f5ca6-5dce-4c1b-83d6-f7444aea644d,014a4a38-0732-407c-9d89-b228ae5a9cc7,checkup,,,2024-12-31,,,,,Dra. Hernández Ruiz,,2025-12-14 22:33:42.591649,2025-12-14 22:33:42.591649
8665b2c0-6873-4eea-a712-2c24f699f43b,a2f820cb-a2d8-4ab0-b001-33c2e3a4dd23,treatment,Neumonía,Albendazol,2025-11-07,oral,,,7 ml,Dra. Martínez Silva,,2025-12-14 22:33:42.591649,2025-12-14 22:33:42.591649
4ac46126-fa68-445f-a85e-03522bdf84a2,a2f820cb-a2d8-4ab0-b001-33c2e3a4dd23,vaccine,,Penicilina,2025-11-04,other,,,2 ml,,,2025-12-14 22:33:42.591649,2025-12-14 22:33:42.591649
9447d892-032f-48eb-be41-2a63b0636558,a2f820cb-a2d8-4ab0-b001-33c2e3a4dd23,checkup,,,2025-11-19,,,,,Dr. Rodríguez Pérez,,2025-12-14 22:33:42.591649,2025-12-14 22:33:42.591649
c72ccf31-0854-4456-b0ff-1b494ed6f881,7ecd7799-15f9-47e9-a2bc-10f7733909bd,vaccine,,Penicilina,2024-09-03,intravenous,,,9 ml,Dra. Hernández Ruiz,Decisión conseguir cuarto tiempo dicho casos bastante.,2025-12-14 22:33:42.591649,2025-12-14 22:33:42.591649
0fe6562e-8f6b-4815-a7a5-f5fea4af6ef1,7ecd7799-15f9-47e9-a2bc-10f7733909bd,vaccine,,Vitamina A,2024-05-16,subcutaneous,,,1 ml,Dr. Rodríguez Pérez,,2025-12-14 22:33:42.591649,2025-12-14 22:33:42.591649
fae77dea-7a33-41d1-94f0-26fd93f3e4f7,7ecd7799-15f9-47e9-a2bc-10f7733909bd,treatment,Tuberculosis,Levamisol,2023-06-11,topical,,,6 ml,Dra. Martínez Silva,,2025-12-14 22:33:42.591649,2025-12-14 22:33:42.591649
05cd6e73-0ace-4dc2-8c6b-437b8160a622,7ecd7799-15f9-47e9-a2bc-10f7733909bd,checkup,,,2021-10-28,,,,,Dr. López González,,2025-12-14 22:33:42.591649,2025-12-14 22:33:42.591649
3d6e0280-0464-4b3f-b644-d0b20d564a7f,ccdeba6e-9d93-421e-baf0-853bbd2aff89,vaccine,,Albendazol,2025-08-02,topical,2026-01-29,,4 ml,Dr. Rodríguez Pérez,Base doctor propios ideas esta nunca español.,2025-12-14 22:33:42.591649,2025-12-14 22:33:42.591649
37fecbce-3dee-45f4-a7e7-8a078c276d99,ccdeba6e-9d93-421e-baf0-853bbd2aff89,surgery,,,2024-09-23,,,,,Dra. Martínez Silva,Mejores c cierto siendo comunidad.,2025-12-14 22:33:42.591649,2025-12-14 22:33:42.591649
d4890a06-4ff6-4223-8e62-f94935314d65,ccdeba6e-9d93-421e-baf0-853bbd2aff89,vaccine,,Oxitetraciclina,2024-10-27,other,2024-12-18,,1 ml,Dr. García López,Consejo encontrar j energía jóvenes silencio república algunos.,2025-12-14 22:33:42.591649,2025-12-14 22:33:42.591649
621729d3-ec85-4094-bd05-a26565a732fb,f355f251-4c90-489c-b6d2-469e9d8d08e5,checkup,,,2024-11-06,,,,,Dra. Hernández Ruiz,,2025-12-14 22:33:42.591649,2025-12-14 22:33:42.591649
cab2f4b1-9629-402f-b3c4-18b2a91c467e,f355f251-4c90-489c-b6d2-469e9d8d08e5,vaccine,,,2024-06-13,,2024-10-29,,,Dr. García López,Visto humanos tampoco hijo premio un.,2025-12-14 22:33:42.591649,2025-12-14 22:33:42.591649
65d3ed9f-2e26-4b89-afef-3ac897a38215,f355f251-4c90-489c-b6d2-469e9d8d08e5,vaccine,,Albendazol,2024-03-16,topical,,,10 ml,Dra. Martínez Silva,,2025-12-14 22:33:42.593158,2025-12-14 22:33:42.593158
c9f36d17-a167-41b6-ab49-8bb250907730,f355f251-4c90-489c-b6d2-469e9d8d08e5,checkup,,,2024-03-29,,,,,Dr. García López,Sistemas elementos metros fuego sur plazo por.,2025-12-14 22:33:42.593158,2025-12-14 22:33:42.593158
acd87b1a-dfae-4a30-a0d3-2a8e31440579,a5b4b781-d88f-4396-8b68-7dfa2eb77a0d,vaccine,,Antiparasitario,2024-04-26,other,2024-06-19,,8 ml,Dr. García López,,2025-12-14 22:33:42.593158,2025-12-14 22:33:42.593158
831fb82e-8e26-4087-b2b8-53b20f8c9265,a5b4b781-d88f-4396-8b68-7dfa2eb77a0d,vaccine,,Complejo B,2023-06-05,oral,,,7 ml,Dra. Hernández Ruiz,,2025-12-14 22:33:42.593319,2025-12-14 22:33:42.593319
57751585-edb2-4e0e-88df-7b51c3857b48,859b6cd4-40a8-4dba-9b6e-684370316812,illness,Dermatitis,,2024-05-31,,,,,Dra. Martínez Silva,Aquel tomar formas partes armas da.,2025-12-14 22:33:42.593319,2025-12-14 22:33:42.593319
b29cb353-2749-4c60-b822-6f7bca9a9711,859b6cd4-40a8-4dba-9b6e-684370316812,treatment,Rabia,Oxitetraciclina,2025-06-10,intravenous,,,9 ml,Dra. Martínez Silva,,2025-12-14 22:33:42.593319,2025-12-14 22:33:42.593319
38624817-fd2e-4e76-8a67-c7f3273133b6,859b6cd4-40a8-4dba-9b6e-684370316812,checkup,,,2024-09-11,,,,,Dr. García López,Te nada vía piel así.,2025-12-14 22:33:42.593319,2025-12-14 22:33:42.593319
4a75e040-ee4c-4b2c-824d-d0979b506d4e,859b6cd4-40a8-4dba-9b6e-684370316812,checkup,,,2025-12-08,,,,,Dra. Hernández Ruiz,,2025-12-14 22:33:42.593319,2025-12-14 22:33:42.593319
9665d23e-145f-4251-b36a-80a16dad2f60,859b6cd4-40a8-4dba-9b6e-684370316812,vaccine,,Penicilina,2022-04-21,topical,,,3 ml,Dr. López González,Nuevo dijo explicó ello.,2025-12-14 22:33:42.593319,2025-12-14 22:33:42.593319
3e5c0c83-55eb-45ed-aee1-4eab35267c8c,e8994c8f-ef74-48e0-aac0-e8e98c21935a,vaccine,,Antiparasitario,2023-10-01,intravenous,2024-03-14,,5 ml,Dra. Martínez Silva,,2025-12-14 22:33:42.593319,2025-12-14 22:33:42.593319
3d43cfa1-3a44-4b6c-aff6-493ee52f6a5f,e8994c8f-ef74-48e0-aac0-e8e98c21935a,injury,,,2019-09-21,,,,,Dra. Hernández Ruiz,,2025-12-14 22:33:42.593319,2025-12-14 22:33:42.593319
19e240f2-56cd-4371-8418-4756d5bbf995,8dbe68d3-0fb5-4194-8387-f2902590d0e9,vaccine,,Levamisol,2024-06-23,intravenous,,,1 ml,Dr. López González,,2025-12-14 22:33:42.593319,2025-12-14 22:33:42.593319
f969cdb7-af87-4f79-8213-8040a18e29bc,8dbe68d3-0fb5-4194-8387-f2902590d0e9,treatment,Parasitosis,Oxitetraciclina,2023-09-26,other,,2023-10-21,9 ml,Dra. Martínez Silva,,2025-12-14 22:33:42.593319,2025-12-14 22:33:42.593319
8ca6a103-c040-4ddc-9482-d438d98ba49c,8dbe68d3-0fb5-4194-8387-f2902590d0e9,treatment,Dermatitis,Vitamina A,2025-08-03,intravenous,,2025-08-31,3 ml,,Precio distintas entrada aquí.,2025-12-14 22:33:42.594168,2025-12-14 22:33:42.594168
52c5f1e0-2626-40e6-8ca4-12cb7b1812d9,8dbe68d3-0fb5-4194-8387-f2902590d0e9,treatment,Fiebre aftosa,Oxitetraciclina,2024-07-30,oral,,2024-08-25,4 ml,Dra. Martínez Silva,,2025-12-14 22:33:42.594168,2025-12-14 22:33:42.594168
1765c8f2-5388-4742-a63b-8e7e2f6fc302,658ce8b2-a1c1-4ebd-87e8-1732d3342319,treatment,Diarrea,Oxitetraciclina,2024-02-07,intravenous,,2024-03-02,7 ml,Dr. López González,,2025-12-14 22:33:42.594168,2025-12-14 22:33:42.594168
72853f74-4d0b-4c73-aa29-c9f01ae3af3b,658ce8b2-a1c1-4ebd-87e8-1732d3342319,treatment,Rabia,Vitamina A,2025-11-28,intramuscular,,2025-12-24,7 ml,Dra. Hernández Ruiz,,2025-12-14 22:33:42.594168,2025-12-14 22:33:42.594168
fe79980a-3e40-4f8c-ab54-84a51616a365,658ce8b2-a1c1-4ebd-87e8-1732d3342319,treatment,Dermatitis,Penicilina,2025-02-19,intramuscular,,,10 ml,,Esto más obstante proyecto.,2025-12-14 22:33:42.594168,2025-12-14 22:33:42.594168
817e0994-20d6-42c1-a3ea-76d85400116f,658ce8b2-a1c1-4ebd-87e8-1732d3342319,treatment,Parasitosis,Penicilina,2024-06-17,intravenous,,2024-07-05,8 ml,Dra. Martínez Silva,,2025-12-14 22:33:42.594168,2025-12-14 22:33:42.594168
d05dd424-8a8a-4cc9-907e-3df300f73bde,658ce8b2-a1c1-4ebd-87e8-1732d3342319,vaccine,,,2024-03-19,,2024-04-20,,,,,2025-12-14 22:33:42.594168,2025-12-14 22:33:42.594168
fe562250-3c17-4b0b-a837-d33e475669e6,8817ed8d-5c5b-46f9-b439-163759e7e370,treatment,Rabia,,2024-03-05,,,,,Dr. García López,,2025-12-14 22:33:42.594168,2025-12-14 22:33:42.594168
296ecbc1-53b0-4e37-9b25-e3218f883069,8817ed8d-5c5b-46f9-b439-163759e7e370,vaccine,,Albendazol,2023-02-03,other,2023-07-29,,8 ml,Dra. Martínez Silva,Del enero j próximo sino fueron.,2025-12-14 22:33:42.594168,2025-12-14 22:33:42.594168
dc9f7115-1437-4320-a03e-679f68707131,c483f7fc-c536-4b16-8615-988a8c0cbd4c,checkup,,,2024-08-22,,,,,Dr. López González,,2025-12-14 22:33:42.594168,2025-12-14 22:33:42.594168
e891a4f2-d614-4d54-9048-9b0ef044acb4,c483f7fc-c536-4b16-8615-988a8c0cbd4c,vaccine,,Levamisol,2023-04-20,intramuscular,2023-09-25,,3 ml,,Ante energía tales lejos éxito.,2025-12-14 22:33:42.594168,2025-12-14 22:33:42.594168
9a0dc826-583c-47d6-b96e-26e4d0f09c04,7dea26c7-bb3b-41c8-bad1-6ee973fe2d46,treatment,Rabia,Levamisol,2025-10-21,other,,2025-11-12,1 ml,Dr. López González,,2025-12-14 22:33:42.594168,2025-12-14 22:33:42.594168
5e545a58-0671-408e-a646-e03eecf9805f,7dea26c7-bb3b-41c8-bad1-6ee973fe2d46,vaccine,,Complejo B,2025-12-02,intramuscular,2026-03-04,,10 ml,,,2025-12-14 22:33:42.594168,2025-12-14 22:33:42.594168
27ea7dbe-b16d-48ce-8337-5407216952b0,7dea26c7-bb3b-41c8-bad1-6ee973fe2d46,vaccine,,Levamisol,2025-11-09,oral,,,4 ml,,,2025-12-14 22:33:42.594168,2025-12-14 22:33:42.594168
9b42dfa1-d4b1-424f-a9d2-643b96eebcf9,7dea26c7-bb3b-41c8-bad1-6ee973fe2d46,treatment,Brucelosis,Complejo B,2025-11-20,oral,,,10 ml,,,2025-12-14 22:33:42.594168,2025-12-14 22:33:42.594168
9a894014-01ad-4617-839a-82d8f8f93db4,f26b02f2-106a-4ef4-a1a5-21a21a055945,checkup,,,2024-02-22,,,,,Dr. López González,Visita pueda corazón entrar.,2025-12-14 22:33:42.594168,2025-12-14 22:33:42.594168
93f4f434-3f10-48a7-bd36-f1173344b7dd,f26b02f2-106a-4ef4-a1a5-21a21a055945,surgery,,,2025-02-10,,,,,Dra. Hernández Ruiz,,2025-12-14 22:33:42.594168,2025-12-14 22:33:42.594168
fb9a55ea-389e-458b-bd73-8f479bcb725d,f26b02f2-106a-4ef4-a1a5-21a21a055945,treatment,Parasitosis,Antiparasitario,2025-12-08,intramuscular,,,10 ml,Dra. Martínez Silva,Sur tú cosas francia libros comunicación.,2025-12-14 22:33:42.595179,2025-12-14 22:33:42.595179
a3cb0176-86c2-4a78-be50-8dc7e717c828,f26b02f2-106a-4ef4-a1a5-21a21a055945,treatment,Diarrea,Complejo B,2024-01-12,other,,2024-02-09,7 ml,Dra. Martínez Silva,Juego haber días luis habrá haciendo alrededor.,2025-12-14 22:33:42.595179,2025-12-14 22:33:42.595179
42bc722f-44ab-4b26-b80c-6d0b8acc6e50,b8b51796-cd01-4fbd-86ad-08f5664195d5,checkup,,,2021-10-16,,,,,Dr. López González,,2025-12-14 22:33:42.595179,2025-12-14 22:33:42.595179
f89a1e07-05d3-4bea-bb4b-23e4161563df,b8b51796-cd01-4fbd-86ad-08f5664195d5,injury,,,2024-06-28,,,,,Dra. Martínez Silva,,2025-12-14 22:33:42.595179,2025-12-14 22:33:42.595179
e2751c34-f6fa-4069-b4ac-d36b6b2fd544,b8b51796-cd01-4fbd-86ad-08f5664195d5,vaccine,,Ivermectina,2023-05-14,intravenous,,,6 ml,Dr. Rodríguez Pérez,,2025-12-14 22:33:42.595179,2025-12-14 22:33:42.595179
bc5799fc-cb6e-43eb-8bad-f0d47a031264,b8b51796-cd01-4fbd-86ad-08f5664195d5,illness,Rabia,,2024-10-17,,,,,Dra. Martínez Silva,,2025-12-14 22:33:42.595179,2025-12-14 22:33:42.595179
36e0ba07-f097-4243-a565-654041197df1,11eec3b5-9a89-47d5-9806-15cfdc0595d2,vaccine,,Ivermectina,2024-07-06,subcutaneous,2024-10-27,,6 ml,Dr. López González,,2025-12-14 22:33:42.595179,2025-12-14 22:33:42.595179
3473d6ff-1b4c-40b7-82e7-850571808d3d,11eec3b5-9a89-47d5-9806-15cfdc0595d2,vaccine,,Penicilina,2025-07-06,intravenous,,,8 ml,Dra. Hernández Ruiz,,2025-12-14 22:33:42.595179,2025-12-14 22:33:42.595179
eed8e96e-bf06-4ed3-a513-e9fef5cce302,11eec3b5-9a89-47d5-9806-15cfdc0595d2,vaccine,,Antiparasitario,2025-02-01,subcutaneous,2025-07-24,,2 ml,Dra. Hernández Ruiz,,2025-12-14 22:33:42.595179,2025-12-14 22:33:42.595179
600779c2-439d-4a66-b053-944f6c249394,11eec3b5-9a89-47d5-9806-15cfdc0595d2,vaccine,,Albendazol,2024-11-02,topical,,,5 ml,,,2025-12-14 22:33:42.595179,2025-12-14 22:33:42.595179
ce32b199-20f7-4a01-99dd-2482ba38419e,8b07b905-b249-4921-b1c3-105db1d4d606,vaccine,,Vitamina A,2025-04-18,subcutaneous,,,5 ml,Dr. López González,Al empresas estaba siete tener nacional gente.,2025-12-14 22:33:42.595179,2025-12-14 22:33:42.595179
8716b560-5eaa-4017-beda-c9e392250cf9,8b07b905-b249-4921-b1c3-105db1d4d606,checkup,,,2025-07-18,,,,,Dr. García López,,2025-12-14 22:33:42.595179,2025-12-14 22:33:42.595179
1f39962b-711a-45cf-8b42-0b6852d11b50,8b07b905-b249-4921-b1c3-105db1d4d606,treatment,Mastitis,Penicilina,2025-11-24,topical,,2025-12-20,1 ml,Dra. Martínez Silva,,2025-12-14 22:33:42.595179,2025-12-14 22:33:42.595179
c163f200-e085-4401-9bff-92e696a0020d,8b07b905-b249-4921-b1c3-105db1d4d606,checkup,,,2025-06-18,,,,,Dr. López González,,2025-12-14 22:33:42.595179,2025-12-14 22:33:42.595179
7b3cc6f6-4d33-47d5-9008-8f2eeaaffbc7,8b07b905-b249-4921-b1c3-105db1d4d606,treatment,Fiebre aftosa,,2025-11-28,,,,,Dra. Martínez Silva,Cómo necesario situación mantener.,2025-12-14 22:33:42.595179,2025-12-14 22:33:42.595179
7782dd3a-bbd0-426d-9842-5bf7e223f400,514bc8cd-4a30-4b7c-8faf-1c1e4e5ff30e,surgery,,,2024-03-31,,,,,,,2025-12-14 22:33:42.595179,2025-12-14 22:33:42.595179
7292688c-6def-47e7-960c-40f009a21e80,514bc8cd-4a30-4b7c-8faf-1c1e4e5ff30e,treatment,Dermatitis,Albendazol,2024-11-28,oral,,,10 ml,Dr. García López,,2025-12-14 22:33:42.595179,2025-12-14 22:33:42.595179
c4315daf-2be8-469e-9ee2-a5a74436d00b,514bc8cd-4a30-4b7c-8faf-1c1e4e5ff30e,checkup,,,2025-09-02,,,,,Dr. López González,,2025-12-14 22:33:42.595179,2025-12-14 22:33:42.595179
565d712b-739b-4f45-9e64-c41c467d9054,514bc8cd-4a30-4b7c-8faf-1c1e4e5ff30e,vaccine,,Albendazol,2021-10-10,topical,,,10 ml,Dra. Martínez Silva,,2025-12-14 22:33:42.595179,2025-12-14 22:33:42.595179
2fb00cd3-5a5d-4233-9b01-61095c64210f,6312b1a0-52c8-4965-95a4-60e224c71f65,checkup,,,2025-12-03,,,,,Dra. Hernández Ruiz,Paz vio mirada importantes televisión cual iba.,2025-12-14 22:33:42.595179,2025-12-14 22:33:42.595179
c4732338-34c3-4f92-a8f5-aa54d5433690,6312b1a0-52c8-4965-95a4-60e224c71f65,illness,Dermatitis,,2025-03-03,,,,,Dr. García López,,2025-12-14 22:33:42.595179,2025-12-14 22:33:42.595179
5ddc0d18-3524-4c6c-ad84-35260b287ee9,6312b1a0-52c8-4965-95a4-60e224c71f65,vaccine,,Vitamina A,2023-08-16,intramuscular,,,4 ml,Dr. López González,Objetivo gracias importante día.,2025-12-14 22:33:42.595179,2025-12-14 22:33:42.595179
44cbe542-47e2-470d-8117-f0517c3f7cc7,76c37947-4cb4-476f-92ac-6580ec8cbf35,treatment,Fiebre aftosa,Vitamina A,2023-05-28,other,,2023-06-20,10 ml,Dr. Rodríguez Pérez,,2025-12-14 22:33:42.595179,2025-12-14 22:33:42.595179
10710977-d914-460e-b023-34b1ead9ee89,76c37947-4cb4-476f-92ac-6580ec8cbf35,other,,,2022-12-16,,,,,Dr. Rodríguez Pérez,Manos vida industria clase imagen.,2025-12-14 22:33:42.595179,2025-12-14 22:33:42.595179
1416be8e-be33-4be5-8c1c-007d11c35eb4,76c37947-4cb4-476f-92ac-6580ec8cbf35,vaccine,,Levamisol,2025-06-05,topical,2025-07-12,,5 ml,,,2025-12-14 22:33:42.595179,2025-12-14 22:33:42.595179
cc17ee36-a333-4004-b4de-ba3aa7a64110,8e67b465-17ae-493f-a96e-7850233aa70e,vaccine,,Levamisol,2025-08-09,subcutaneous,2025-11-05,,8 ml,Dra. Martínez Silva,,2025-12-14 22:33:42.595179,2025-12-14 22:33:42.595179
afc702c9-878e-4ce4-9d44-bee2f3e4dbdb,8e67b465-17ae-493f-a96e-7850233aa70e,checkup,,,2024-04-04,,,,,Dr. Rodríguez Pérez,Como nadie iglesia n aquí unos crecimiento.,2025-12-14 22:33:42.595179,2025-12-14 22:33:42.595179
a81200ae-59e8-44a7-ab47-c43e80c3cdc2,8e67b465-17ae-493f-a96e-7850233aa70e,checkup,,,2025-09-12,,,,,Dr. García López,,2025-12-14 22:33:42.595179,2025-12-14 22:33:42.595179
07f1cd46-6c59-4564-876d-a6efb26ef106,f2edac88-0b5b-4a3f-ac3f-3cd397f076ac,treatment,Brucelosis,Oxitetraciclina,2024-07-06,oral,,,9 ml,Dra. Hernández Ruiz,Resulta madre ese origen mujer tierra sea.,2025-12-14 22:33:42.596197,2025-12-14 22:33:42.596197
db73e062-1a28-43cf-9ecd-2563510b32f4,f2edac88-0b5b-4a3f-ac3f-3cd397f076ac,vaccine,,,2022-11-18,,2022-12-28,,,Dr. Rodríguez Pérez,,2025-12-14 22:33:42.596197,2025-12-14 22:33:42.596197
785203ef-b496-449f-887a-9cfd4ef83db3,f2edac88-0b5b-4a3f-ac3f-3cd397f076ac,treatment,Parasitosis,Complejo B,2024-08-24,subcutaneous,,,8 ml,Dr. Rodríguez Pérez,,2025-12-14 22:33:42.596197,2025-12-14 22:33:42.596197
adc5bf15-865a-4a77-9a58-4850632f50c3,f2edac88-0b5b-4a3f-ac3f-3cd397f076ac,injury,,,2025-04-10,,,,,,,2025-12-14 22:33:42.596197,2025-12-14 22:33:42.596197
3c6ed01f-1d7d-4ac1-9e9d-e0d54a4eee5d,297e424c-9dc5-4bf7-9f37-1d8d69a5b6e4,treatment,Dermatitis,Complejo B,2023-04-13,oral,,2023-05-02,2 ml,Dra. Martínez Silva,Torno serán oposición cierta tema mayo.,2025-12-14 22:33:42.596197,2025-12-14 22:33:42.596197
997085a0-b403-4a94-93e1-2e57bd16abcc,297e424c-9dc5-4bf7-9f37-1d8d69a5b6e4,treatment,Fiebre aftosa,Levamisol,2025-06-03,other,,2025-06-17,7 ml,Dr. Rodríguez Pérez,Podría nadie papel técnica meses puede española.,2025-12-14 22:33:42.596197,2025-12-14 22:33:42.596197
0f74e8c5-5fe2-4b2a-ad03-57e4577d0fa8,297e424c-9dc5-4bf7-9f37-1d8d69a5b6e4,checkup,,,2021-07-16,,,,,Dr. Rodríguez Pérez,,2025-12-14 22:33:42.596197,2025-12-14 22:33:42.596197
be49129c-8b26-44bb-b63e-6ce6dd228dc9,297e424c-9dc5-4bf7-9f37-1d8d69a5b6e4,treatment,Rabia,Penicilina,2023-05-23,topical,,,7 ml,Dr. López González,,2025-12-14 22:33:42.596197,2025-12-14 22:33:42.596197
9537cc32-272c-44ae-9709-b0945f19749f,297e424c-9dc5-4bf7-9f37-1d8d69a5b6e4,checkup,,,2022-11-26,,,,,Dr. Rodríguez Pérez,Investigación nuestro empresa tipo negro desde aire.,2025-12-14 22:33:42.596197,2025-12-14 22:33:42.596197
3b952456-939b-4c6f-bc18-85f6a118d195,096e7744-c8e3-4a37-8066-685d7dfe5175,vaccine,,Antiparasitario,2022-05-28,intravenous,,,5 ml,,,2025-12-14 22:33:42.596197,2025-12-14 22:33:42.596197
503f0f0c-a59b-42e9-b067-0518bfb8dc3e,096e7744-c8e3-4a37-8066-685d7dfe5175,vaccine,,Vitamina A,2023-10-14,topical,2024-03-31,,7 ml,,Segundo baja nueva justicia i ir.,2025-12-14 22:33:42.596197,2025-12-14 22:33:42.596197
55c20f9a-5a34-4c5d-b01c-7f524625c826,096e7744-c8e3-4a37-8066-685d7dfe5175,vaccine,,Vitamina A,2022-02-26,intravenous,,,6 ml,Dr. García López,,2025-12-14 22:33:42.596197,2025-12-14 22:33:42.596197
34a27251-f107-44bc-9405-778ca7634e89,096e7744-c8e3-4a37-8066-685d7dfe5175,injury,,,2023-06-23,,,,,,Tengo espacio zona acciones d da.,2025-12-14 22:33:42.596197,2025-12-14 22:33:42.596197
28bd9014-2788-4bd5-ab76-ae311db9d377,acc78b9f-04dd-4b46-a602-85e323e316e5,vaccine,,Complejo B,2018-07-20,other,,,4 ml,Dra. Martínez Silva,Hoy libro muerte menos blanco.,2025-12-14 22:33:42.596197,2025-12-14 22:33:42.596197
4c7f3ba6-4986-424e-bbba-93b0217ba807,acc78b9f-04dd-4b46-a602-85e323e316e5,treatment,Mastitis,Ivermectina,2021-06-07,intramuscular,,,2 ml,Dra. Hernández Ruiz,,2025-12-14 22:33:42.596197,2025-12-14 22:33:42.596197
91f637cc-13ef-4716-8c60-5685841a7538,2801faab-8cd7-4cf1-9241-15baae5b3735,treatment,Neumonía,Albendazol,2023-09-16,subcutaneous,,,10 ml,Dra. Martínez Silva,,2025-12-14 22:33:42.596197,2025-12-14 22:33:42.596197
ebc1ddd8-12a0-4015-a055-172b0cc5f202,2801faab-8cd7-4cf1-9241-15baae5b3735,vaccine,,Ivermectina,2022-02-10,intramuscular,2022-03-25,,9 ml,Dr. Rodríguez Pérez,,2025-12-14 22:33:42.596197,2025-12-14 22:33:42.596197
1df12adc-15e8-4320-9884-751e5daa1f59,b5892884-2f4a-438c-a176-1c7b3ed2e139,vaccine,,Vitamina A,2024-01-16,intravenous,2024-02-18,,6 ml,Dra. Martínez Silva,Algo libertad línea primeros aspecto fuerza trabajadores.,2025-12-14 22:33:42.596197,2025-12-14 22:33:42.596197
7769af20-891e-4633-842d-fe03be804353,b5892884-2f4a-438c-a176-1c7b3ed2e139,vaccine,,Levamisol,2019-03-25,topical,2019-05-18,,7 ml,Dra. Hernández Ruiz,,2025-12-14 22:33:42.596197,2025-12-14 22:33:42.596197
188c6502-d79c-4231-9b1e-e864103b41d4,b5892884-2f4a-438c-a176-1c7b3ed2e139,vaccine,,Albendazol,2020-04-23,oral,2020-09-17,,9 ml,Dr. Rodríguez Pérez,,2025-12-14 22:33:42.597178,2025-12-14 22:33:42.597178
9f8f1349-1583-4afc-aabc-bf1c83a83d4c,b5892884-2f4a-438c-a176-1c7b3ed2e139,vaccine,,Complejo B,2020-03-30,intramuscular,,,10 ml,,,2025-12-14 22:33:42.597178,2025-12-14 22:33:42.597178
77fb5402-46b9-4261-8c92-5b699a0eef7d,f0036a1a-2c14-48f5-9c35-2f9a54dbf7cf,illness,Brucelosis,,2022-10-27,,,,,Dra. Martínez Silva,Haya parece efecto martín están hora haber.,2025-12-14 22:33:42.597178,2025-12-14 22:33:42.597178
d9c55b7c-a8b9-4c05-ac08-08989b0d78c7,f0036a1a-2c14-48f5-9c35-2f9a54dbf7cf,checkup,,,2023-11-08,,,,,Dra. Hernández Ruiz,,2025-12-14 22:33:42.597178,2025-12-14 22:33:42.597178
901ddb74-eb23-447f-ae5f-4b524c2e135e,f0036a1a-2c14-48f5-9c35-2f9a54dbf7cf,checkup,,,2025-10-13,,,,,,Fuentes propia ellos cambio políticas miembros por.,2025-12-14 22:33:42.597178,2025-12-14 22:33:42.597178
314951c0-d93b-4aba-ae1b-3a1a206b9945,f0036a1a-2c14-48f5-9c35-2f9a54dbf7cf,vaccine,,Vitamina A,2025-06-30,other,2025-09-15,,1 ml,Dr. García López,,2025-12-14 22:33:42.597178,2025-12-14 22:33:42.597178
10e889b9-5821-4a92-9830-c822a05add31,f08a7975-e861-450e-95e6-2a078ea36889,treatment,Tuberculosis,Complejo B,2024-06-05,intravenous,,,5 ml,Dra. Martínez Silva,Debía aquel próximo juicio.,2025-12-14 22:33:42.597178,2025-12-14 22:33:42.597178
cad720e1-cc04-4725-a534-5e12335f3250,f08a7975-e861-450e-95e6-2a078ea36889,vaccine,,Penicilina,2025-08-20,oral,,,3 ml,Dra. Martínez Silva,,2025-12-14 22:33:42.597178,2025-12-14 22:33:42.597178
9e99eb3f-0bf1-4d94-bb86-0dfb7e33e60f,f08a7975-e861-450e-95e6-2a078ea36889,vaccine,,Penicilina,2025-08-14,other,,,5 ml,,,2025-12-14 22:33:42.597178,2025-12-14 22:33:42.597178
a332b2f2-d496-4811-b0e3-8cc8909f982d,28bfd077-9861-4477-b93e-605c2f25761d,vaccine,,,2024-01-30,,2024-03-25,,,Dr. López González,,2025-12-14 22:33:42.597178,2025-12-14 22:33:42.597178
649eb73a-0bd7-45ca-b93e-bb3804c4c4f9,28bfd077-9861-4477-b93e-605c2f25761d,vaccine,,Vitamina A,2024-12-08,topical,2025-02-07,,6 ml,Dr. Rodríguez Pérez,,2025-12-14 22:33:42.597178,2025-12-14 22:33:42.597178
5bc8f299-1f91-4f42-bc36-515a9ec416cb,58d03dda-c4fe-4af5-a0d5-ac093e3083b4,treatment,Rabia,,2025-06-18,,,2025-06-25,,,,2025-12-14 22:33:42.597178,2025-12-14 22:33:42.597178
de5fe8e6-75fd-4366-a310-129ed1b8b4f7,58d03dda-c4fe-4af5-a0d5-ac093e3083b4,vaccine,,Levamisol,2019-07-08,oral,,,4 ml,Dra. Martínez Silva,,2025-12-14 22:33:42.597178,2025-12-14 22:33:42.597178
adff5b7d-a713-4c86-a568-298733a7612e,58d03dda-c4fe-4af5-a0d5-ac093e3083b4,vaccine,,,2023-07-05,,2023-11-16,,,Dr. Rodríguez Pérez,Ojos él seguridad perdido sociales muchos horas.,2025-12-14 22:33:42.597178,2025-12-14 22:33:42.597178
35f24e27-50c7-4628-8d6a-43b57009f94e,d396f3c4-7ef2-48e7-9cf5-a8cf8472581c,treatment,Mastitis,Vitamina A,2023-08-11,oral,,,6 ml,Dra. Martínez Silva,,2025-12-14 22:33:42.597178,2025-12-14 22:33:42.597178
a05563aa-c819-44d6-8052-c0b141cbfc8c,d396f3c4-7ef2-48e7-9cf5-a8cf8472581c,treatment,Mastitis,Penicilina,2024-07-16,topical,,,3 ml,Dr. López González,Solución español club mira dio.,2025-12-14 22:33:42.597178,2025-12-14 22:33:42.597178
c2f5cf55-34ed-4a7a-9844-3fd9f61b7d90,d396f3c4-7ef2-48e7-9cf5-a8cf8472581c,vaccine,,Complejo B,2025-10-28,oral,2025-11-30,,4 ml,Dra. Martínez Silva,Estados secretario tener nacional eran somos estuvo.,2025-12-14 22:33:42.597178,2025-12-14 22:33:42.597178
554c181a-934c-4186-a596-9935971d0d8b,d1d3ebba-7e44-4617-ab87-c95cd6ee64b1,vaccine,,Levamisol,2023-12-03,oral,,,5 ml,Dr. García López,,2025-12-14 22:33:42.597178,2025-12-14 22:33:42.597178
97211afc-6459-4ed8-893a-32f03ac8ea1a,d1d3ebba-7e44-4617-ab87-c95cd6ee64b1,checkup,,,2021-12-16,,,,,Dr. García López,,2025-12-14 22:33:42.597178,2025-12-14 22:33:42.597178
317939d6-d740-4e93-90ac-cfc61dc29636,d4370f57-0747-4396-acf3-74f9d8c8b7b6,surgery,,,2023-08-11,,,,,Dra. Hernández Ruiz,,2025-12-14 22:33:42.597178,2025-12-14 22:33:42.597178
fd50f289-f832-4466-9225-d9441fdfed4a,d4370f57-0747-4396-acf3-74f9d8c8b7b6,vaccine,,Antiparasitario,2023-05-30,topical,,,2 ml,Dr. Rodríguez Pérez,Mayor ciento s hay comunicación buena internacional.,2025-12-14 22:33:42.597178,2025-12-14 22:33:42.597178
371f6d2a-a512-4e1b-add2-0c31f8d0588c,c4e20713-b121-428f-ab92-64bbc91cf021,vaccine,,Albendazol,2024-11-12,topical,2025-02-01,,2 ml,Dr. García López,,2025-12-14 22:33:42.597178,2025-12-14 22:33:42.597178
3fc03e87-1296-42b5-9aba-29b19e8d7d9d,c4e20713-b121-428f-ab92-64bbc91cf021,vaccine,,Albendazol,2021-06-13,oral,,,2 ml,Dr. García López,Pues actividades la dio apenas voz santa generales.,2025-12-14 22:33:42.598686,2025-12-14 22:33:42.598686
57df94b1-6889-46e3-a86e-716abf840d01,c2e2f531-44ae-4118-be3c-01f531f684fb,vaccine,,Vitamina A,2025-04-03,intramuscular,2025-05-13,,7 ml,,,2025-12-14 22:33:42.598686,2025-12-14 22:33:42.598686
c9c3533a-6f28-4177-b129-b3e7ed752db1,c2e2f531-44ae-4118-be3c-01f531f684fb,treatment,,,2021-06-14,,,,,Dr. García López,,2025-12-14 22:33:42.598686,2025-12-14 22:33:42.598686
707aa184-87c2-4184-88d0-910e133ed4c8,c2e2f531-44ae-4118-be3c-01f531f684fb,checkup,,,2024-08-25,,,,,,,2025-12-14 22:33:42.598686,2025-12-14 22:33:42.598686
599e6421-eda7-45fe-ba56-2d99440210b6,c2e2f531-44ae-4118-be3c-01f531f684fb,checkup,,,2022-08-09,,,,,Dr. López González,Sistemas principales barcelona espacio principios larga.,2025-12-14 22:33:42.598686,2025-12-14 22:33:42.598686
5d06f8d4-fbd6-4296-a724-945cb57c3990,836f3144-d8cd-4f33-8638-1de51165072a,injury,,,2025-07-10,,,,,Dr. García López,,2025-12-14 22:33:42.598686,2025-12-14 22:33:42.598686
19dabaa0-5c11-474b-bc44-85214cd627e4,836f3144-d8cd-4f33-8638-1de51165072a,vaccine,,Oxitetraciclina,2023-01-23,oral,2023-06-20,,9 ml,Dr. López González,Económico concepto sea buscar mundo.,2025-12-14 22:33:42.598686,2025-12-14 22:33:42.598686
942d0191-3ef6-4ac1-919e-f40a62b67c8a,836f3144-d8cd-4f33-8638-1de51165072a,vaccine,,Vitamina A,2025-11-26,intramuscular,2026-05-19,,5 ml,,,2025-12-14 22:33:42.598686,2025-12-14 22:33:42.598686
73655f33-4b2c-4bdc-8214-c93bd9b68e31,836f3144-d8cd-4f33-8638-1de51165072a,treatment,Dermatitis,Albendazol,2024-07-22,topical,,2024-08-10,3 ml,Dra. Hernández Ruiz,,2025-12-14 22:33:42.598686,2025-12-14 22:33:42.598686
cec67c8b-6a31-4ecf-a3c2-eec629f98699,836f3144-d8cd-4f33-8638-1de51165072a,treatment,,Complejo B,2024-05-06,intramuscular,,2024-06-05,6 ml,Dra. Hernández Ruiz,,2025-12-14 22:33:42.598686,2025-12-14 22:33:42.598686
0a323a15-2cce-41da-a902-0b931b0410bd,836f3144-d8cd-4f33-8638-1de51165072a,treatment,Fiebre aftosa,Antiparasitario,2025-10-19,topical,,2025-11-04,5 ml,Dr. López González,,2025-12-14 22:33:42.598686,2025-12-14 22:33:42.598686
1227e016-a105-4e10-9e57-5923511b602d,836f3144-d8cd-4f33-8638-1de51165072a,checkup,,,2025-05-25,,,,,Dra. Martínez Silva,,2025-12-14 22:33:42.599702,2025-12-14 22:33:42.599702
b4cfc1a7-24d5-49c6-8de6-113a88254e36,836f3144-d8cd-4f33-8638-1de51165072a,vaccine,,Levamisol,2025-08-08,other,,,8 ml,Dr. López González,,2025-12-14 22:33:42.599702,2025-12-14 22:33:42.599702
3c6488cc-216e-4ea7-81e6-91b30b368ed3,836f3144-d8cd-4f33-8638-1de51165072a,surgery,,,2025-08-29,,,,,Dra. Hernández Ruiz,,2025-12-14 22:33:42.599702,2025-12-14 22:33:42.599702
18494fe3-63e5-4597-a7bc-31ed97fee985,836f3144-d8cd-4f33-8638-1de51165072a,checkup,,,2025-02-17,,,,,,,2025-12-14 22:33:42.599702,2025-12-14 22:33:42.599702
bb6285b4-aa7a-4190-b58c-50a93f87fd6e,836f3144-d8cd-4f33-8638-1de51165072a,vaccine,,Vitamina A,2025-11-28,intramuscular,,,2 ml,Dr. López González,,2025-12-14 22:33:42.599702,2025-12-14 22:33:42.599702
1df532d2-f077-40b3-8465-f209bc5ba693,836f3144-d8cd-4f33-8638-1de51165072a,vaccine,,Oxitetraciclina,2023-08-24,intramuscular,2024-02-04,,2 ml,Dr. García López,Conocimiento sino presenta carrera.,2025-12-14 22:33:42.599702,2025-12-14 22:33:42.599702
66e7640c-296d-4ae7-95aa-8e0941df3600,836f3144-d8cd-4f33-8638-1de51165072a,treatment,Parasitosis,Oxitetraciclina,2025-09-24,intravenous,,2025-10-10,9 ml,Dr. López González,Personal contra mil pesetas quiere precios máximo.,2025-12-14 22:33:42.599702,2025-12-14 22:33:42.599702
06b6bfc9-25e4-4309-a632-0aaf6626c93a,836f3144-d8cd-4f33-8638-1de51165072a,checkup,,,2023-01-14,,,,,Dr. García López,,2025-12-14 22:33:42.599702,2025-12-14 22:33:42.599702
3479331b-2434-4c67-a492-8656bcbf1548,d55a6a16-1c93-4d74-93ed-ed68afcde4e0,treatment,Tuberculosis,Vitamina A,2024-06-20,oral,,,4 ml,Dr. Rodríguez Pérez,,2025-12-14 22:33:42.599702,2025-12-14 22:33:42.599702
bf9a6c3f-40bc-4590-a84d-0910ad56e718,d55a6a16-1c93-4d74-93ed-ed68afcde4e0,vaccine,,Levamisol,2025-02-17,topical,2025-06-06,,3 ml,,,2025-12-14 22:33:42.599702,2025-12-14 22:33:42.599702
044efbe7-6672-42b9-b8ce-67f108a86fb2,d55a6a16-1c93-4d74-93ed-ed68afcde4e0,vaccine,,Vitamina A,2024-07-13,subcutaneous,2024-08-14,,8 ml,Dra. Hernández Ruiz,Mismos puerto revolución río opinión efectos padre.,2025-12-14 22:33:42.599702,2025-12-14 22:33:42.599702
460faa40-c052-4c59-bc03-b6b55160349e,d55a6a16-1c93-4d74-93ed-ed68afcde4e0,vaccine,,Antiparasitario,2024-03-06,intravenous,,,6 ml,Dra. Hernández Ruiz,,2025-12-14 22:33:42.599702,2025-12-14 22:33:42.599702
fdf93f5e-18fc-4bc2-aae3-60f418d61b15,d55a6a16-1c93-4d74-93ed-ed68afcde4e0,checkup,,,2022-10-20,,,,,Dra. Hernández Ruiz,,2025-12-14 22:33:42.599702,2025-12-14 22:33:42.599702
05360377-8a56-47ad-93f5-6ff78c3a8416,d55a6a16-1c93-4d74-93ed-ed68afcde4e0,vaccine,,Oxitetraciclina,2023-01-12,other,,,8 ml,Dra. Hernández Ruiz,,2025-12-14 22:33:42.599702,2025-12-14 22:33:42.599702
1f983ecf-3c2a-4f65-ba32-c498e9a3501f,d55a6a16-1c93-4d74-93ed-ed68afcde4e0,vaccine,,Antiparasitario,2021-09-25,topical,,,9 ml,Dra. Martínez Silva,,2025-12-14 22:33:42.599702,2025-12-14 22:33:42.599702
d788ffcf-a35a-4eeb-8cbe-1c7d166a38e4,d55a6a16-1c93-4d74-93ed-ed68afcde4e0,treatment,Dermatitis,,2020-07-27,,,,,Dra. Hernández Ruiz,,2025-12-14 22:33:42.600703,2025-12-14 22:33:42.600703
c9d77b27-9de9-4277-b301-a94da0fe448e,d55a6a16-1c93-4d74-93ed-ed68afcde4e0,vaccine,,Oxitetraciclina,2022-12-11,topical,,,9 ml,Dra. Martínez Silva,,2025-12-14 22:33:42.600703,2025-12-14 22:33:42.600703
dfb1fd1e-65fe-41d7-9343-8952f35201ca,d55a6a16-1c93-4d74-93ed-ed68afcde4e0,vaccine,,Antiparasitario,2021-04-02,other,2021-05-06,,7 ml,Dra. Hernández Ruiz,,2025-12-14 22:33:42.600703,2025-12-14 22:33:42.600703
61761fab-ade3-4c0f-a323-d351413daf67,25a87b12-7b05-4d56-a618-33b8697cc305,treatment,Brucelosis,Penicilina,2024-03-06,subcutaneous,,2024-03-17,4 ml,Dr. García López,,2025-12-14 22:33:42.600703,2025-12-14 22:33:42.600703
40d7b216-b243-4381-b493-13e785b847f2,25a87b12-7b05-4d56-a618-33b8697cc305,vaccine,,Antiparasitario,2022-06-23,intramuscular,,,9 ml,Dr. Rodríguez Pérez,,2025-12-14 22:33:42.600703,2025-12-14 22:33:42.600703
8415193f-afc3-4c37-b965-41f40fc0dff5,25a87b12-7b05-4d56-a618-33b8697cc305,treatment,Tuberculosis,Albendazol,2023-07-23,subcutaneous,,2023-08-12,2 ml,Dra. Martínez Silva,Cosa claro resultado expresión lenguaje.,2025-12-14 22:33:42.600703,2025-12-14 22:33:42.600703
b5750b59-dd0c-4375-bbbd-4df423297b5a,25a87b12-7b05-4d56-a618-33b8697cc305,checkup,,,2025-02-02,,,,,Dr. López González,País mes contenido cuanto bastante primera.,2025-12-14 22:33:42.600703,2025-12-14 22:33:42.600703
80e1a5fc-45d8-46c0-9bcf-8aa13ec28c98,25a87b12-7b05-4d56-a618-33b8697cc305,checkup,,,2024-06-04,,,,,Dr. García López,,2025-12-14 22:33:42.600703,2025-12-14 22:33:42.600703
26a8fec7-c34d-4164-8f4f-e822956a58df,25a87b12-7b05-4d56-a618-33b8697cc305,treatment,Rabia,Albendazol,2021-09-19,other,,2021-10-06,8 ml,Dra. Hernández Ruiz,,2025-12-14 22:33:42.600703,2025-12-14 22:33:42.600703
583384e9-5de3-444f-b244-0b36d605661e,25a87b12-7b05-4d56-a618-33b8697cc305,checkup,,,2022-11-07,,,,,Dr. García López,,2025-12-14 22:33:42.600703,2025-12-14 22:33:42.600703
7f956b7c-ec80-4edb-9481-410974f7f17e,25a87b12-7b05-4d56-a618-33b8697cc305,checkup,,,2023-06-25,,,,,Dr. López González,Consumo aumento estuvo antes sangre.,2025-12-14 22:33:42.600703,2025-12-14 22:33:42.600703
0ad6a6c1-23f3-4621-8486-ae5794544908,bb252b08-98dd-4e6d-bdca-b08e77137ff6,vaccine,,Oxitetraciclina,2025-02-27,oral,2025-06-10,,3 ml,Dr. López González,,2025-12-14 22:33:42.600703,2025-12-14 22:33:42.600703
b1eb1607-5776-4fff-9320-5ce24ae5c3bc,bb252b08-98dd-4e6d-bdca-b08e77137ff6,checkup,,,2025-08-02,,,,,Dra. Martínez Silva,,2025-12-14 22:33:42.600703,2025-12-14 22:33:42.600703
db8aab18-d287-4744-b69e-286a2107fdfa,bb252b08-98dd-4e6d-bdca-b08e77137ff6,checkup,,,2019-09-26,,,,,Dra. Martínez Silva,,2025-12-14 22:33:42.600703,2025-12-14 22:33:42.600703
0363f817-cf79-47ed-8251-f39279af376f,bb252b08-98dd-4e6d-bdca-b08e77137ff6,treatment,Diarrea,,2024-05-01,,,,,Dr. Rodríguez Pérez,Especial encuentra bajo.,2025-12-14 22:33:42.600703,2025-12-14 22:33:42.600703
ddf17c5d-289a-4794-a7eb-3736a51100e4,bb252b08-98dd-4e6d-bdca-b08e77137ff6,vaccine,,Ivermectina,2020-08-27,oral,2020-11-21,,6 ml,Dra. Hernández Ruiz,Palabras puerta modelo espacio lado octubre estos.,2025-12-14 22:33:42.601696,2025-12-14 22:33:42.601696
b0cca86a-ab40-42c6-a7d3-136d4bf37412,bb252b08-98dd-4e6d-bdca-b08e77137ff6,vaccine,,Penicilina,2025-05-08,intravenous,,,6 ml,Dra. Martínez Silva,,2025-12-14 22:33:42.601696,2025-12-14 22:33:42.601696
87c7d4ea-b12a-4423-8264-9118c5740c40,bb252b08-98dd-4e6d-bdca-b08e77137ff6,vaccine,,Levamisol,2024-10-20,subcutaneous,,,8 ml,,,2025-12-14 22:33:42.601696,2025-12-14 22:33:42.601696
a3b9f943-9302-47c4-ba3d-cd6b1ee8e118,bb252b08-98dd-4e6d-bdca-b08e77137ff6,treatment,Neumonía,Complejo B,2023-09-13,subcutaneous,,,5 ml,Dra. Hernández Ruiz,,2025-12-14 22:33:42.601696,2025-12-14 22:33:42.601696
38e553b1-b7ee-4218-9054-0099fc16a322,bb252b08-98dd-4e6d-bdca-b08e77137ff6,vaccine,,Ivermectina,2020-11-20,intramuscular,,,10 ml,Dra. Hernández Ruiz,Tuvo quien van semana compañía partido presente.,2025-12-14 22:33:42.601696,2025-12-14 22:33:42.601696
8fa0666f-cb87-41e8-a011-7efc82396064,bb252b08-98dd-4e6d-bdca-b08e77137ff6,treatment,Diarrea,Albendazol,2020-03-12,intravenous,,,3 ml,Dra. Hernández Ruiz,Entre dio acción arte pasó todas menor.,2025-12-14 22:33:42.601696,2025-12-14 22:33:42.601696
32067438-9c43-4a9c-acdd-42bdbc7c6caf,bb252b08-98dd-4e6d-bdca-b08e77137ff6,treatment,Dermatitis,Albendazol,2020-08-27,subcutaneous,,,6 ml,Dr. García López,,2025-12-14 22:33:42.601696,2025-12-14 22:33:42.601696
2c6b857d-4a69-42ad-a325-a2164c185495,bb252b08-98dd-4e6d-bdca-b08e77137ff6,vaccine,,Ivermectina,2024-02-04,subcutaneous,,,10 ml,,,2025-12-14 22:33:42.601696,2025-12-14 22:33:42.601696
17c0e577-7f77-4327-83e2-60b8012f9c0f,55377a5c-66b6-4d94-bfa7-8d30f168e60c,checkup,,,2020-06-04,,,,,Dr. Rodríguez Pérez,,2025-12-14 22:33:42.601696,2025-12-14 22:33:42.601696
af5d1c73-c334-4de5-8bbf-7d6b1ffd3190,55377a5c-66b6-4d94-bfa7-8d30f168e60c,vaccine,,Antiparasitario,2023-07-21,subcutaneous,,,10 ml,Dra. Hernández Ruiz,Productos metros alguna seguro bueno viaje.,2025-12-14 22:33:42.601696,2025-12-14 22:33:42.601696
e06fdc51-ce54-42ba-8549-b844428bac0a,55377a5c-66b6-4d94-bfa7-8d30f168e60c,vaccine,,Complejo B,2021-03-18,oral,2021-07-03,,7 ml,Dr. López González,,2025-12-14 22:33:42.601696,2025-12-14 22:33:42.601696
7da0871e-66b2-4432-8742-f942a065e07f,55377a5c-66b6-4d94-bfa7-8d30f168e60c,checkup,,,2022-08-05,,,,,Dra. Martínez Silva,,2025-12-14 22:33:42.601696,2025-12-14 22:33:42.601696
77e8d9a0-e76f-46dc-afa8-5ac29a1acab8,55377a5c-66b6-4d94-bfa7-8d30f168e60c,treatment,,Albendazol,2024-10-16,oral,,,4 ml,Dr. García López,,2025-12-14 22:33:42.601696,2025-12-14 22:33:42.601696
838eb3d4-f094-482c-ad47-28bbb83fbd9d,55377a5c-66b6-4d94-bfa7-8d30f168e60c,surgery,,,2024-02-13,,,,,Dr. Rodríguez Pérez,,2025-12-14 22:33:42.601696,2025-12-14 22:33:42.601696
95bfc1de-befe-4e1a-a968-b655a350ffa6,c1d4657c-67e4-407c-9dfe-c1f4277d218c,checkup,,,2022-09-22,,,,,Dra. Hernández Ruiz,,2025-12-14 22:33:42.601696,2025-12-14 22:33:42.601696
81d76a5d-3337-4cef-92b8-e9999643c6d5,c1d4657c-67e4-407c-9dfe-c1f4277d218c,treatment,Brucelosis,Oxitetraciclina,2022-11-30,intramuscular,,2022-12-07,1 ml,Dr. Rodríguez Pérez,,2025-12-14 22:33:42.601696,2025-12-14 22:33:42.601696
1511de91-ebef-4235-a66f-4c6790b92923,c1d4657c-67e4-407c-9dfe-c1f4277d218c,vaccine,,Oxitetraciclina,2025-11-29,other,2026-02-15,,5 ml,Dr. López González,,2025-12-14 22:33:42.601696,2025-12-14 22:33:42.601696
8c498862-7d3b-45f9-a634-67ee0b7b908a,c1d4657c-67e4-407c-9dfe-c1f4277d218c,vaccine,,Ivermectina,2025-09-08,oral,2026-02-10,,5 ml,Dr. López González,,2025-12-14 22:33:42.601696,2025-12-14 22:33:42.601696
3d8749d9-dc2a-403b-b66a-c850e8f70b76,c1d4657c-67e4-407c-9dfe-c1f4277d218c,treatment,Rabia,Ivermectina,2024-12-26,intramuscular,,,6 ml,Dr. Rodríguez Pérez,Caso idea madre rafael.,2025-12-14 22:33:42.601696,2025-12-14 22:33:42.601696
07cad888-6ca7-49bf-b76c-5cb07433aaa6,c1d4657c-67e4-407c-9dfe-c1f4277d218c,treatment,Brucelosis,Oxitetraciclina,2024-02-10,intramuscular,,2024-02-27,2 ml,Dra. Martínez Silva,,2025-12-14 22:33:42.601696,2025-12-14 22:33:42.601696
e2b70407-768a-41d3-96fd-f0897cfdad90,af9ec04f-ff57-4861-a1f9-bdb6d603661b,checkup,,,2025-05-21,,,,,Dra. Martínez Silva,Dirección quizá diciembre muy san viene.,2025-12-14 22:33:42.601696,2025-12-14 22:33:42.601696
2994aff7-5349-4182-95ce-76ae6270070f,af9ec04f-ff57-4861-a1f9-bdb6d603661b,vaccine,,Complejo B,2025-05-24,intravenous,2025-10-24,,10 ml,Dra. Martínez Silva,Ministerio congreso estructura.,2025-12-14 22:33:42.603210,2025-12-14 22:33:42.603210
164e2b3c-2743-478e-893b-94e8fcc14591,af9ec04f-ff57-4861-a1f9-bdb6d603661b,vaccine,,Ivermectina,2020-05-28,intramuscular,,,10 ml,Dra. Hernández Ruiz,Momentos autor empresas conciencia.,2025-12-14 22:33:42.603210,2025-12-14 22:33:42.603210
e3606d24-fd20-4e45-ae9d-e7967b4ef255,af9ec04f-ff57-4861-a1f9-bdb6d603661b,treatment,Diarrea,Antiparasitario,2021-12-06,other,,,7 ml,Dr. López González,,2025-12-14 22:33:42.603210,2025-12-14 22:33:42.603210
d0a9d81a-be0f-45a0-83fa-40a42346473c,af9ec04f-ff57-4861-a1f9-bdb6d603661b,vaccine,,Complejo B,2025-08-02,subcutaneous,2026-01-23,,10 ml,Dr. Rodríguez Pérez,Total explicó tuvo.,2025-12-14 22:33:42.603210,2025-12-14 22:33:42.603210
67eddfd4-6fd6-4aaf-a00f-6761a3f9c50e,af9ec04f-ff57-4861-a1f9-bdb6d603661b,treatment,Rabia,Complejo B,2022-01-13,intravenous,,2022-01-30,7 ml,Dr. López González,,2025-12-14 22:33:42.603210,2025-12-14 22:33:42.603210
a5a690fc-131c-4137-aae6-a15ab68227ec,af9ec04f-ff57-4861-a1f9-bdb6d603661b,treatment,Tuberculosis,Antiparasitario,2020-05-31,intramuscular,,2020-06-30,10 ml,Dr. García López,,2025-12-14 22:33:42.603210,2025-12-14 22:33:42.603210
327796b0-95de-4f4c-a972-fe15b0f09c7e,c11a6782-c667-4196-9afa-2411ef97c102,treatment,Rabia,Ivermectina,2020-08-20,intravenous,,2020-09-04,9 ml,Dra. Hernández Ruiz,,2025-12-14 22:33:42.603210,2025-12-14 22:33:42.603210
77c3ffd9-2f74-407e-8bd2-1c9ce8a88316,c11a6782-c667-4196-9afa-2411ef97c102,vaccine,,,2021-12-05,,,,,Dr. López González,,2025-12-14 22:33:42.603210,2025-12-14 22:33:42.603210
a805d032-a70f-49f4-8f9f-a3eee2a0c802,c11a6782-c667-4196-9afa-2411ef97c102,other,,,2023-05-21,,,,,Dra. Hernández Ruiz,,2025-12-14 22:33:42.603210,2025-12-14 22:33:42.603210
a0f738c8-670b-4077-a49a-19c49d43f5ee,c11a6782-c667-4196-9afa-2411ef97c102,vaccine,,Oxitetraciclina,2023-09-03,other,,,2 ml,Dra. Hernández Ruiz,,2025-12-14 22:33:42.603210,2025-12-14 22:33:42.603210
48cb04db-f05d-4591-975d-704b6ff4ea86,c11a6782-c667-4196-9afa-2411ef97c102,treatment,Diarrea,Oxitetraciclina,2020-08-29,intravenous,,,7 ml,Dr. García López,,2025-12-14 22:33:42.603210,2025-12-14 22:33:42.603210
66d9b943-c023-4332-8e45-a9167b9b429c,c11a6782-c667-4196-9afa-2411ef97c102,vaccine,,Antiparasitario,2022-08-31,topical,,,7 ml,Dra. Martínez Silva,,2025-12-14 22:33:42.603210,2025-12-14 22:33:42.603210
6365ba0a-18ff-45db-80e5-20ef5606d0f0,66377d74-2591-4f32-8ba0-53a409b54b87,vaccine,,Vitamina A,2018-10-21,intravenous,2019-04-02,,4 ml,Dra. Hernández Ruiz,,2025-12-14 22:33:42.603210,2025-12-14 22:33:42.603210
7e1d9e7c-230e-44fc-9074-9eeaf2176cf2,66377d74-2591-4f32-8ba0-53a409b54b87,checkup,,,2018-11-17,,,,,Dra. Hernández Ruiz,Puesto mitad españa cómo torno.,2025-12-14 22:33:42.603210,2025-12-14 22:33:42.603210
b7e7f8d0-6665-4435-b17e-248307ac035a,66377d74-2591-4f32-8ba0-53a409b54b87,vaccine,,Vitamina A,2018-07-20,oral,,,3 ml,Dra. Martínez Silva,,2025-12-14 22:33:42.603210,2025-12-14 22:33:42.603210
e5f7c1c4-1c06-4640-a712-22722437d7fc,66377d74-2591-4f32-8ba0-53a409b54b87,vaccine,,Vitamina A,2022-07-20,intravenous,,,5 ml,Dra. Martínez Silva,,2025-12-14 22:33:42.603210,2025-12-14 22:33:42.603210
3aa6a4ac-284f-419c-af55-e3091786fb45,66377d74-2591-4f32-8ba0-53a409b54b87,treatment,Fiebre aftosa,Antiparasitario,2022-05-29,intravenous,,,8 ml,Dr. Rodríguez Pérez,,2025-12-14 22:33:42.604219,2025-12-14 22:33:42.604219
ac7c284c-1e32-43c0-9fb7-bb1a8a2b8d70,66377d74-2591-4f32-8ba0-53a409b54b87,vaccine,,Levamisol,2022-09-20,oral,,,5 ml,Dr. García López,,2025-12-14 22:33:42.604219,2025-12-14 22:33:42.604219
5ed34649-e60c-4685-a36d-69653193dac5,66377d74-2591-4f32-8ba0-53a409b54b87,vaccine,,Penicilina,2025-03-15,other,,,10 ml,,,2025-12-14 22:33:42.604219,2025-12-14 22:33:42.604219
7fe522c1-9370-419a-8f0e-1513db3ad1d3,66377d74-2591-4f32-8ba0-53a409b54b87,vaccine,,Ivermectina,2020-02-19,intramuscular,2020-07-05,,2 ml,Dra. Martínez Silva,,2025-12-14 22:33:42.604219,2025-12-14 22:33:42.604219
bd596cc8-9126-47f3-9b70-4c58f1243e18,66377d74-2591-4f32-8ba0-53a409b54b87,vaccine,,Vitamina A,2024-01-20,subcutaneous,2024-05-11,,8 ml,Dra. Hernández Ruiz,Vuelta mantener puedo nacional antonio lo llegar.,2025-12-14 22:33:42.604219,2025-12-14 22:33:42.604219
bfec3458-7e15-4d33-8655-3c2ad32fb47c,66377d74-2591-4f32-8ba0-53a409b54b87,vaccine,,Complejo B,2021-04-28,oral,2021-08-13,,2 ml,Dr. Rodríguez Pérez,,2025-12-14 22:33:42.604219,2025-12-14 22:33:42.604219
192f27c0-2708-4948-84bd-7da4a66f2830,66377d74-2591-4f32-8ba0-53a409b54b87,illness,Rabia,,2023-10-27,,,,,Dr. García López,Alguna cultura francia éxito nuestros.,2025-12-14 22:33:42.604219,2025-12-14 22:33:42.604219
baef018f-36bb-4048-9e7d-16b3fcdbe5ba,66377d74-2591-4f32-8ba0-53a409b54b87,treatment,Tuberculosis,Ivermectina,2025-01-31,intravenous,,,6 ml,Dra. Martínez Silva,,2025-12-14 22:33:42.604219,2025-12-14 22:33:42.604219
20975fb3-7cbb-4b63-b5e6-83710197b1b8,66377d74-2591-4f32-8ba0-53a409b54b87,vaccine,,Albendazol,2019-05-04,intramuscular,2019-08-23,,5 ml,Dra. Hernández Ruiz,,2025-12-14 22:33:42.604219,2025-12-14 22:33:42.604219
f05ffc91-02ec-4af6-bc87-1b6cbbafbf21,66377d74-2591-4f32-8ba0-53a409b54b87,checkup,,,2019-08-13,,,,,,,2025-12-14 22:33:42.604219,2025-12-14 22:33:42.604219
6197b9e4-0a22-4f8c-b17c-37677b15fcfc,b493b4d8-c5e7-4aee-b093-40b74a642975,vaccine,,Levamisol,2024-03-04,intramuscular,2024-04-15,,8 ml,Dra. Martínez Silva,,2025-12-14 22:33:42.604219,2025-12-14 22:33:42.604219
7b3e428e-b322-47d2-a671-5ba221e115c8,b493b4d8-c5e7-4aee-b093-40b74a642975,vaccine,,Antiparasitario,2024-12-06,other,2025-05-04,,7 ml,Dr. Rodríguez Pérez,,2025-12-14 22:33:42.604219,2025-12-14 22:33:42.604219
2cd74a4e-fc8c-4bc6-b08f-48afaa7ff248,b493b4d8-c5e7-4aee-b093-40b74a642975,illness,Fiebre aftosa,,2025-01-23,,,,,,Ningún razones busca esta le trata amigos ella.,2025-12-14 22:33:42.604219,2025-12-14 22:33:42.604219
66e81ebc-1951-4fe5-bdd9-7e16898b1508,b493b4d8-c5e7-4aee-b093-40b74a642975,vaccine,,Ivermectina,2025-01-29,other,,,2 ml,Dr. Rodríguez Pérez,Menor allí dólares prensa resultado.,2025-12-14 22:33:42.604219,2025-12-14 22:33:42.604219
3ec1c7b3-c494-4bac-af31-bcc8481d9226,b493b4d8-c5e7-4aee-b093-40b74a642975,treatment,Diarrea,Complejo B,2024-02-09,intravenous,,,7 ml,Dr. López González,,2025-12-14 22:33:42.604219,2025-12-14 22:33:42.604219
3e278683-9d1b-405d-882b-32d26730f837,b493b4d8-c5e7-4aee-b093-40b74a642975,treatment,Mastitis,Antiparasitario,2024-07-16,subcutaneous,,2024-08-06,8 ml,Dr. Rodríguez Pérez,Francia decisión propios curso.,2025-12-14 22:33:42.605252,2025-12-14 22:33:42.605252
37533ed2-3d9d-4031-8515-1c5d4a9b1123,b493b4d8-c5e7-4aee-b093-40b74a642975,treatment,Dermatitis,Levamisol,2024-08-08,intravenous,,2024-08-25,4 ml,Dr. López González,Niveles régimen madrid respecto quién calidad.,2025-12-14 22:33:42.605252,2025-12-14 22:33:42.605252
94a4ea23-c0cd-46e6-bb9f-2c643fea4a62,b493b4d8-c5e7-4aee-b093-40b74a642975,vaccine,,Antiparasitario,2025-06-20,intramuscular,2025-12-16,,8 ml,Dra. Martínez Silva,,2025-12-14 22:33:42.605252,2025-12-14 22:33:42.605252
f710caf5-0a68-4574-a4b0-79eca04c2583,b493b4d8-c5e7-4aee-b093-40b74a642975,vaccine,,Albendazol,2024-07-12,intramuscular,2024-12-12,,3 ml,Dra. Hernández Ruiz,,2025-12-14 22:33:42.605252,2025-12-14 22:33:42.605252
6e6241cd-3c1f-491e-aba0-ffacff426dec,b493b4d8-c5e7-4aee-b093-40b74a642975,checkup,,,2024-04-16,,,,,Dra. Martínez Silva,Presenta educación pues proceso demás niños opinión.,2025-12-14 22:33:42.605252,2025-12-14 22:33:42.605252
9030bebe-905a-45a9-b534-6c253c161f74,b493b4d8-c5e7-4aee-b093-40b74a642975,treatment,,Antiparasitario,2024-01-20,subcutaneous,,2024-02-11,5 ml,Dra. Hernández Ruiz,,2025-12-14 22:33:42.605252,2025-12-14 22:33:42.605252
c9a90390-1f4f-4645-aade-12f544343011,b493b4d8-c5e7-4aee-b093-40b74a642975,treatment,Fiebre aftosa,Ivermectina,2024-07-05,other,,2024-07-23,9 ml,Dra. Martínez Silva,,2025-12-14 22:33:42.605252,2025-12-14 22:33:42.605252
40ab4e10-671e-4af2-a613-8b105a8fb3ae,b493b4d8-c5e7-4aee-b093-40b74a642975,checkup,,,2025-01-14,,,,,Dr. López González,Vino ocasiones mayo cuadro.,2025-12-14 22:33:42.605252,2025-12-14 22:33:42.605252
d339289e-4d8e-40e1-bac1-25612546346c,b493b4d8-c5e7-4aee-b093-40b74a642975,treatment,Rabia,,2024-06-16,,,2024-06-28,,Dra. Martínez Silva,,2025-12-14 22:33:42.605252,2025-12-14 22:33:42.605252
d3dac47b-1d10-420b-b1dc-e762ae727cdf,9ca2bc52-6813-4f96-affc-8fe295c33faa,checkup,,,2022-02-21,,,,,Dra. Martínez Silva,,2025-12-14 22:33:42.605252,2025-12-14 22:33:42.605252
43b52a8f-1445-47c7-8d7a-00b0977df06c,9ca2bc52-6813-4f96-affc-8fe295c33faa,surgery,,,2024-01-01,,,,,Dr. López González,,2025-12-14 22:33:42.605252,2025-12-14 22:33:42.605252
cd76f7a7-bd20-4411-a4ce-b8117e568107,9ca2bc52-6813-4f96-affc-8fe295c33faa,checkup,,,2019-04-02,,,,,Dr. Rodríguez Pérez,,2025-12-14 22:33:42.605252,2025-12-14 22:33:42.605252
491a0e58-2574-4dd1-a11b-49ad22bc20ce,9ca2bc52-6813-4f96-affc-8fe295c33faa,checkup,,,2020-10-14,,,,,Dra. Martínez Silva,,2025-12-14 22:33:42.605252,2025-12-14 22:33:42.605252
ef803592-2aed-4221-be7a-a8d14c0c7e70,9ca2bc52-6813-4f96-affc-8fe295c33faa,checkup,,,2018-10-17,,,,,Dr. Rodríguez Pérez,,2025-12-14 22:33:42.605252,2025-12-14 22:33:42.605252
d00f5773-fea3-4653-ad98-e28f2bcdd3c0,9ca2bc52-6813-4f96-affc-8fe295c33faa,vaccine,,Vitamina A,2023-07-01,subcutaneous,,,5 ml,Dr. López González,,2025-12-14 22:33:42.605252,2025-12-14 22:33:42.605252
e70dc991-5c98-4527-8fff-383d466fbe30,9ca2bc52-6813-4f96-affc-8fe295c33faa,treatment,,Oxitetraciclina,2021-06-13,other,,,2 ml,Dra. Hernández Ruiz,,2025-12-14 22:33:42.605252,2025-12-14 22:33:42.605252
b51d3c68-b594-4a19-be66-4fa893565a9f,9ca2bc52-6813-4f96-affc-8fe295c33faa,vaccine,,Levamisol,2020-04-10,other,2020-05-24,,7 ml,Dra. Hernández Ruiz,,2025-12-14 22:33:42.605252,2025-12-14 22:33:42.605252
4270299b-d86c-42a0-ac5d-b49fa5bd3059,9ca2bc52-6813-4f96-affc-8fe295c33faa,treatment,Fiebre aftosa,Complejo B,2025-07-28,oral,,,1 ml,Dra. Hernández Ruiz,Verdad ayer ellos pero cultural unión sabe.,2025-12-14 22:33:42.605252,2025-12-14 22:33:42.605252
cca2b91f-921a-4807-9731-f5e0209e9923,9ca2bc52-6813-4f96-affc-8fe295c33faa,treatment,Parasitosis,Ivermectina,2018-10-21,intramuscular,,2018-11-04,7 ml,,,2025-12-14 22:33:42.605252,2025-12-14 22:33:42.605252
cab5bc43-104a-47f8-aa37-17fd8732ca3a,9ca2bc52-6813-4f96-affc-8fe295c33faa,treatment,Neumonía,Oxitetraciclina,2021-07-15,topical,,2021-08-11,10 ml,,Compañía mujeres éste tenido incluso cómo público tiene.,2025-12-14 22:33:42.605252,2025-12-14 22:33:42.605252
438cdeba-f724-49d8-8d18-8f586d6b7e8e,9ca2bc52-6813-4f96-affc-8fe295c33faa,checkup,,,2023-06-28,,,,,Dra. Martínez Silva,,2025-12-14 22:33:42.605252,2025-12-14 22:33:42.605252
645acd46-a45a-4da7-8f94-47018cfd4c52,9ca2bc52-6813-4f96-affc-8fe295c33faa,treatment,Tuberculosis,Ivermectina,2021-08-27,intramuscular,,2021-09-26,2 ml,Dr. García López,Cuatro niños esas pie palabra.,2025-12-14 22:33:42.606261,2025-12-14 22:33:42.606261
e64955ba-eba2-4627-8c5b-fe016b1ba069,9340d3ed-ba56-413a-8e35-48fead3647b8,surgery,,,2022-08-30,,,,,Dr. López González,,2025-12-14 22:33:42.606261,2025-12-14 22:33:42.606261
6431b3d6-0e01-4612-95b1-300173668cca,9340d3ed-ba56-413a-8e35-48fead3647b8,treatment,Dermatitis,Vitamina A,2023-12-27,intramuscular,,,9 ml,Dra. Hernández Ruiz,,2025-12-14 22:33:42.606261,2025-12-14 22:33:42.606261
d873b621-cbc3-48a5-b05e-a58ad6e5ba1e,9340d3ed-ba56-413a-8e35-48fead3647b8,checkup,,,2023-10-28,,,,,,,2025-12-14 22:33:42.606261,2025-12-14 22:33:42.606261
4375acd5-69f0-41e8-a748-a3b80a0c833a,9340d3ed-ba56-413a-8e35-48fead3647b8,checkup,,,2022-03-06,,,,,Dra. Hernández Ruiz,,2025-12-14 22:33:42.606261,2025-12-14 22:33:42.606261
df67efdf-7053-4b1f-9a6a-898748b20b4b,9340d3ed-ba56-413a-8e35-48fead3647b8,checkup,,,2023-02-22,,,,,Dr. García López,,2025-12-14 22:33:42.606261,2025-12-14 22:33:42.606261
7316ac65-4d0a-4015-98e6-1a7f71c0dd8a,9340d3ed-ba56-413a-8e35-48fead3647b8,vaccine,,Complejo B,2021-11-30,oral,2022-01-25,,7 ml,Dr. Rodríguez Pérez,,2025-12-14 22:33:42.606261,2025-12-14 22:33:42.606261
e018fe6c-c097-401b-99b5-c79281ff9e40,9340d3ed-ba56-413a-8e35-48fead3647b8,vaccine,,Antiparasitario,2022-08-05,intravenous,,,2 ml,Dr. García López,Armas popular encuentra.,2025-12-14 22:33:42.606261,2025-12-14 22:33:42.606261
54b93250-68c6-4666-9cd2-0729c5329e21,9340d3ed-ba56-413a-8e35-48fead3647b8,vaccine,,Albendazol,2025-03-13,other,2025-09-03,,4 ml,Dr. López González,,2025-12-14 22:33:42.606261,2025-12-14 22:33:42.606261
f29de959-e0bf-45c3-9b13-e0433c5e0b6c,9340d3ed-ba56-413a-8e35-48fead3647b8,treatment,Brucelosis,Penicilina,2025-12-03,intramuscular,,,10 ml,Dr. Rodríguez Pérez,,2025-12-14 22:33:42.606261,2025-12-14 22:33:42.606261
e374d4dd-34f2-4bda-acc6-dd7741478a7d,9340d3ed-ba56-413a-8e35-48fead3647b8,vaccine,,Oxitetraciclina,2024-11-05,intravenous,,,7 ml,Dra. Hernández Ruiz,,2025-12-14 22:33:42.606261,2025-12-14 22:33:42.606261
567bc0ab-c048-4623-9f4b-190fea178f9e,9340d3ed-ba56-413a-8e35-48fead3647b8,treatment,Parasitosis,Complejo B,2024-04-12,topical,,2024-05-03,9 ml,Dr. López González,,2025-12-14 22:33:42.606261,2025-12-14 22:33:42.606261
c1b7bdba-0f8e-48d9-88f6-398017718428,9340d3ed-ba56-413a-8e35-48fead3647b8,treatment,Tuberculosis,Levamisol,2024-05-14,other,,,6 ml,Dra. Martínez Silva,Él primer universidad no seguridad tema.,2025-12-14 22:33:42.606261,2025-12-14 22:33:42.606261
1eff5ecd-5a3c-4ea0-8aed-0711a3a749c6,9340d3ed-ba56-413a-8e35-48fead3647b8,treatment,Neumonía,Vitamina A,2023-09-02,other,,,1 ml,Dr. Rodríguez Pérez,,2025-12-14 22:33:42.606261,2025-12-14 22:33:42.606261
a1c2282f-2b48-422e-8106-37472cd816c1,9340d3ed-ba56-413a-8e35-48fead3647b8,checkup,,,2022-05-25,,,,,Dr. Rodríguez Pérez,Sean larga cuya.,2025-12-14 22:33:42.606261,2025-12-14 22:33:42.606261
81378f56-daa8-4a48-be69-835d110463fd,9340d3ed-ba56-413a-8e35-48fead3647b8,treatment,Fiebre aftosa,Ivermectina,2023-05-01,subcutaneous,,2023-05-21,9 ml,Dra. Martínez Silva,,2025-12-14 22:33:42.606261,2025-12-14 22:33:42.606261
24ff7f44-2641-4ddc-b0cd-b44d5ab660eb,9ff76a45-328d-468a-942f-15e2b018431b,treatment,Neumonía,Levamisol,2025-10-18,intravenous,,2025-11-09,7 ml,Dr. López González,,2025-12-14 22:33:42.606261,2025-12-14 22:33:42.606261
174ebe5f-9e49-42b2-b20b-728fb8b5a711,9ff76a45-328d-468a-942f-15e2b018431b,illness,Brucelosis,,2023-06-04,,,,,,,2025-12-14 22:33:42.606261,2025-12-14 22:33:42.606261
ae03369a-67c7-40ce-8d8d-b7003e39f4a8,9ff76a45-328d-468a-942f-15e2b018431b,checkup,,,2021-01-29,,,,,Dr. López González,,2025-12-14 22:33:42.606261,2025-12-14 22:33:42.606261
d628e30b-75b2-42f1-8401-604b509ec67b,9ff76a45-328d-468a-942f-15e2b018431b,vaccine,,Penicilina,2023-12-20,oral,,,6 ml,Dr. López González,,2025-12-14 22:33:42.606261,2025-12-14 22:33:42.606261
72875204-10b4-437e-9311-bb64936b3962,9ff76a45-328d-468a-942f-15e2b018431b,checkup,,,2022-01-13,,,,,Dra. Martínez Silva,Queda realidad alguna.,2025-12-14 22:33:42.607263,2025-12-14 22:33:42.607263
cf461aac-ff02-4124-b4c6-6f99595da260,9ff76a45-328d-468a-942f-15e2b018431b,treatment,Rabia,Complejo B,2023-08-10,intravenous,,,4 ml,Dr. López González,,2025-12-14 22:33:42.607263,2025-12-14 22:33:42.607263
d29f1335-17f3-4ebd-9d3f-cea722687c26,9ff76a45-328d-468a-942f-15e2b018431b,vaccine,,Penicilina,2020-12-21,subcutaneous,,,8 ml,Dr. García López,Ahora pregunta seguir posibilidades presenta.,2025-12-14 22:33:42.607263,2025-12-14 22:33:42.607263
a2b6ed7e-2d0a-4ba9-aa3b-929d70dee05c,9ff76a45-328d-468a-942f-15e2b018431b,illness,Rabia,,2019-08-20,,,,,Dra. Martínez Silva,,2025-12-14 22:33:42.607263,2025-12-14 22:33:42.607263
6eda0004-a10e-4997-baf6-026becae9027,9ff76a45-328d-468a-942f-15e2b018431b,vaccine,,Complejo B,2021-11-06,intramuscular,,,6 ml,Dr. García López,,2025-12-14 22:33:42.607263,2025-12-14 22:33:42.607263
533cba96-a922-4dee-ae96-8bc6f8271db5,9ff76a45-328d-468a-942f-15e2b018431b,treatment,Fiebre aftosa,Levamisol,2023-02-12,topical,,2023-02-24,4 ml,Dra. Hernández Ruiz,,2025-12-14 22:33:42.607263,2025-12-14 22:33:42.607263
adea7034-1910-43b9-8618-fc593d02ad1a,9ff76a45-328d-468a-942f-15e2b018431b,treatment,Mastitis,,2018-11-30,,,,,Dr. López González,,2025-12-14 22:33:42.607263,2025-12-14 22:33:42.607263
87c4718e-fb95-45ea-814c-f950f418a01d,9ff76a45-328d-468a-942f-15e2b018431b,vaccine,,Vitamina A,2021-07-28,subcutaneous,2021-10-06,,9 ml,Dra. Hernández Ruiz,Dice valores peso produce.,2025-12-14 22:33:42.607263,2025-12-14 22:33:42.607263
5106037f-4d3c-491d-8ae7-43e893d1cf7d,9ff76a45-328d-468a-942f-15e2b018431b,vaccine,,Vitamina A,2022-10-26,other,2023-02-17,,5 ml,Dr. Rodríguez Pérez,,2025-12-14 22:33:42.607263,2025-12-14 22:33:42.607263
abfcb981-60d7-4138-ae83-470d35404aeb,8c0050e4-a0ed-43de-9e9f-07a64dd7c52b,treatment,Tuberculosis,Levamisol,2022-08-19,intravenous,,,10 ml,Dr. Rodríguez Pérez,,2025-12-14 22:33:42.607263,2025-12-14 22:33:42.607263
8dc225d1-5b27-4ec8-b647-1af8983eb277,8c0050e4-a0ed-43de-9e9f-07a64dd7c52b,treatment,Diarrea,Ivermectina,2024-09-18,oral,,,2 ml,Dr. López González,,2025-12-14 22:33:42.607263,2025-12-14 22:33:42.607263
51124c0d-5b4a-4aa4-8821-13049a7ef1b1,8c0050e4-a0ed-43de-9e9f-07a64dd7c52b,checkup,,,2025-09-28,,,,,Dr. García López,,2025-12-14 22:33:42.607263,2025-12-14 22:33:42.607263
27b03a0a-f4d2-4020-a79d-d658031ee7f3,8c0050e4-a0ed-43de-9e9f-07a64dd7c52b,vaccine,,Ivermectina,2023-05-10,intravenous,2023-10-01,,9 ml,Dra. Martínez Silva,,2025-12-14 22:33:42.607263,2025-12-14 22:33:42.607263
6b56219d-6e13-4629-b3cb-4e69ec2ee93b,8c0050e4-a0ed-43de-9e9f-07a64dd7c52b,checkup,,,2022-08-07,,,,,,,2025-12-14 22:33:42.607263,2025-12-14 22:33:42.607263
5d81c718-f6c6-4677-94c2-d6142736fe54,8c0050e4-a0ed-43de-9e9f-07a64dd7c52b,checkup,,,2023-12-20,,,,,Dr. Rodríguez Pérez,Podría dónde martín octubre poco decisión.,2025-12-14 22:33:42.607263,2025-12-14 22:33:42.607263
d801c58c-67f0-4977-9f60-6ba230ee5b3a,8c0050e4-a0ed-43de-9e9f-07a64dd7c52b,treatment,Mastitis,Vitamina A,2024-05-27,oral,,,2 ml,Dra. Hernández Ruiz,,2025-12-14 22:33:42.607263,2025-12-14 22:33:42.607263
803de590-8690-4433-b325-555e1c1b884b,8c0050e4-a0ed-43de-9e9f-07a64dd7c52b,vaccine,,Oxitetraciclina,2022-11-13,subcutaneous,2023-01-26,,6 ml,Dra. Martínez Silva,,2025-12-14 22:33:42.607263,2025-12-14 22:33:42.607263
75a6b7a5-cd53-49c8-ad66-e1abda9dfcc4,8c0050e4-a0ed-43de-9e9f-07a64dd7c52b,vaccine,,Antiparasitario,2024-07-16,subcutaneous,2024-10-30,,8 ml,Dr. García López,,2025-12-14 22:33:42.607263,2025-12-14 22:33:42.607263
b95caf5d-a46b-4c61-803e-9a7f6e25b213,8c0050e4-a0ed-43de-9e9f-07a64dd7c52b,injury,,,2025-03-30,,,,,Dra. Hernández Ruiz,,2025-12-14 22:33:42.607263,2025-12-14 22:33:42.607263
f1f95a47-9e14-48fe-8d6f-9d5d11b9e1c9,8c0050e4-a0ed-43de-9e9f-07a64dd7c52b,treatment,Fiebre aftosa,Antiparasitario,2023-11-02,oral,,2023-11-19,4 ml,Dr. García López,Cine duda carácter figura través.,2025-12-14 22:33:42.608270,2025-12-14 22:33:42.608270
bd324081-7e9c-48a7-bb5b-1d15fc29cdf6,8c0050e4-a0ed-43de-9e9f-07a64dd7c52b,vaccine,,Albendazol,2023-01-29,topical,2023-04-17,,10 ml,,,2025-12-14 22:33:42.608270,2025-12-14 22:33:42.608270
ae1f42d1-0248-495a-90ec-83bf23165a96,0f7fe30b-4bdc-4c7b-9d51-e699bdcd6dea,treatment,Mastitis,Complejo B,2022-08-29,intravenous,,2022-09-24,10 ml,Dra. Martínez Silva,,2025-12-14 22:33:42.608270,2025-12-14 22:33:42.608270
a6ba9c5c-a183-4876-a3b2-915b5bd05d8b,0f7fe30b-4bdc-4c7b-9d51-e699bdcd6dea,vaccine,,Vitamina A,2022-06-26,oral,,,7 ml,,Ejemplo puedo costa contrario futuro precisamente habla.,2025-12-14 22:33:42.608270,2025-12-14 22:33:42.608270
c16856bd-f9fc-40b4-bd5d-95fbe55f7a1a,0f7fe30b-4bdc-4c7b-9d51-e699bdcd6dea,vaccine,,Complejo B,2025-11-20,intravenous,,,6 ml,Dra. Martínez Silva,,2025-12-14 22:33:42.608270,2025-12-14 22:33:42.608270
eeffd1a0-af05-47c4-91f6-5b8c9aad18ca,0f7fe30b-4bdc-4c7b-9d51-e699bdcd6dea,vaccine,,Albendazol,2024-10-17,topical,2025-01-15,,9 ml,Dra. Martínez Silva,,2025-12-14 22:33:42.608270,2025-12-14 22:33:42.608270
28822061-71dc-4870-bfdd-4a0b533b6e83,0f7fe30b-4bdc-4c7b-9d51-e699bdcd6dea,treatment,Fiebre aftosa,Penicilina,2024-03-16,intravenous,,,4 ml,Dr. Rodríguez Pérez,,2025-12-14 22:33:42.608270,2025-12-14 22:33:42.608270
6a37f01e-f7f9-49c3-a0cf-b7722310abdc,0f7fe30b-4bdc-4c7b-9d51-e699bdcd6dea,vaccine,,Levamisol,2024-01-09,intravenous,,,8 ml,Dr. Rodríguez Pérez,,2025-12-14 22:33:42.608270,2025-12-14 22:33:42.608270
a1af2299-3638-43ca-81bc-8f5456e0318f,0f7fe30b-4bdc-4c7b-9d51-e699bdcd6dea,vaccine,,Vitamina A,2022-09-05,topical,2023-01-25,,2 ml,,,2025-12-14 22:33:42.608270,2025-12-14 22:33:42.608270
613320e4-8f68-4a85-900b-271b28d7dbda,0f7fe30b-4bdc-4c7b-9d51-e699bdcd6dea,vaccine,,Penicilina,2023-11-30,other,2024-01-05,,7 ml,Dra. Hernández Ruiz,,2025-12-14 22:33:42.608270,2025-12-14 22:33:42.608270
bd663591-fb1a-4416-8c35-d0696bbb5e41,06be3117-d594-4452-8417-290858b06e06,vaccine,,,2024-02-10,,2024-06-04,,,Dr. García López,,2025-12-14 22:33:42.608270,2025-12-14 22:33:42.608270
10b0f2bb-511b-45f3-98b9-43bc20cb5019,06be3117-d594-4452-8417-290858b06e06,checkup,,,2021-08-03,,,,,Dr. López González,,2025-12-14 22:33:42.608270,2025-12-14 22:33:42.608270
6f1cf8ed-afc8-4021-9900-f2c6b5c0d22f,06be3117-d594-4452-8417-290858b06e06,checkup,,,2024-07-26,,,,,Dra. Martínez Silva,,2025-12-14 22:33:42.608270,2025-12-14 22:33:42.608270
5ebe25f8-28ca-4878-9886-397a344ac19c,06be3117-d594-4452-8417-290858b06e06,injury,,,2022-08-12,,,,,Dra. Hernández Ruiz,Derecha económico siquiera nivel tengo.,2025-12-14 22:33:42.608270,2025-12-14 22:33:42.608270
9f9f28ab-db6e-4f9b-ba61-121c6b7383e2,06be3117-d594-4452-8417-290858b06e06,vaccine,,Levamisol,2021-03-29,topical,2021-07-07,,6 ml,Dr. López González,Ellos madre mujeres supuesto mujeres siquiera.,2025-12-14 22:33:42.608270,2025-12-14 22:33:42.608270
18561f21-c3be-4ccf-b094-7f6148b43f6f,06be3117-d594-4452-8417-290858b06e06,vaccine,,Antiparasitario,2021-09-03,subcutaneous,,,7 ml,Dr. Rodríguez Pérez,,2025-12-14 22:33:42.608270,2025-12-14 22:33:42.608270
5b3981e9-7926-4abb-b7da-b693d827e2b4,06be3117-d594-4452-8417-290858b06e06,treatment,Dermatitis,Penicilina,2022-05-09,intramuscular,,,1 ml,Dra. Martínez Silva,Mismo medida tienen lleva tipo voy has.,2025-12-14 22:33:42.608270,2025-12-14 22:33:42.608270
d6074461-90a0-48ac-a160-2abe580cfb9d,06be3117-d594-4452-8417-290858b06e06,illness,Parasitosis,,2022-04-20,,,,,Dr. García López,,2025-12-14 22:33:42.608270,2025-12-14 22:33:42.608270
68d0db7f-efd0-48bf-b6aa-951439504d8c,06be3117-d594-4452-8417-290858b06e06,vaccine,,Albendazol,2025-01-05,other,2025-02-16,,5 ml,Dr. López González,,2025-12-14 22:33:42.608270,2025-12-14 22:33:42.608270
0f873327-aa1c-4942-bc8d-b4caab641413,06be3117-d594-4452-8417-290858b06e06,vaccine,,Antiparasitario,2024-01-27,intravenous,2024-02-29,,6 ml,,,2025-12-14 22:33:42.608270,2025-12-14 22:33:42.608270
bf7741e8-a22b-427a-bcf2-7aef7adf5cba,06be3117-d594-4452-8417-290858b06e06,treatment,Fiebre aftosa,Antiparasitario,2023-05-12,oral,,2023-06-08,2 ml,Dra. Hernández Ruiz,,2025-12-14 22:33:42.608270,2025-12-14 22:33:42.608270
78a31ebc-b83a-48c9-a918-c5a611f567e8,06be3117-d594-4452-8417-290858b06e06,treatment,,,2022-04-20,,,,,,,2025-12-14 22:33:42.608270,2025-12-14 22:33:42.608270
bbe9976a-7b9f-4d16-9e11-dc9df2003261,06be3117-d594-4452-8417-290858b06e06,treatment,Rabia,Complejo B,2023-05-31,topical,,2023-06-25,7 ml,,,2025-12-14 22:33:42.608270,2025-12-14 22:33:42.608270
f72da512-69dd-4fc9-8af9-7dd3d2d48a8b,06be3117-d594-4452-8417-290858b06e06,treatment,Parasitosis,Antiparasitario,2023-10-03,topical,,,2 ml,Dr. García López,O otros estilo yo pero.,2025-12-14 22:33:42.608270,2025-12-14 22:33:42.608270
e15534cb-98d4-4387-9e76-841016bdaabe,468c8ff4-2a1a-4845-80fd-6ab84defa314,vaccine,,Antiparasitario,2025-10-07,intravenous,2025-12-22,,3 ml,Dr. García López,,2025-12-14 22:33:42.608270,2025-12-14 22:33:42.608270
2e1bac3a-7f44-437d-a997-80c65055c48e,468c8ff4-2a1a-4845-80fd-6ab84defa314,vaccine,,Complejo B,2025-11-21,intravenous,2026-05-05,,5 ml,Dr. Rodríguez Pérez,,2025-12-14 22:33:42.608270,2025-12-14 22:33:42.608270
c3218d06-bdb3-45d8-bdcd-22c27afc9133,468c8ff4-2a1a-4845-80fd-6ab84defa314,treatment,Parasitosis,Penicilina,2025-09-08,topical,,,3 ml,Dra. Hernández Ruiz,,2025-12-14 22:33:42.608270,2025-12-14 22:33:42.608270
4409c12e-ba11-4aca-9c52-91e48d68f47b,468c8ff4-2a1a-4845-80fd-6ab84defa314,checkup,,,2025-06-26,,,,,,Habrá partes conocer.,2025-12-14 22:33:42.609281,2025-12-14 22:33:42.609281
6e1da546-b736-4ddb-a7d6-30d0bd4dba14,468c8ff4-2a1a-4845-80fd-6ab84defa314,treatment,Tuberculosis,Complejo B,2025-08-03,topical,,,10 ml,Dr. Rodríguez Pérez,,2025-12-14 22:33:42.609281,2025-12-14 22:33:42.609281
754afa56-5b9c-4c65-b06c-81dea4981bee,468c8ff4-2a1a-4845-80fd-6ab84defa314,surgery,,,2025-01-28,,,,,Dr. Rodríguez Pérez,Resultado parece suficiente prueba solo carácter.,2025-12-14 22:33:42.609281,2025-12-14 22:33:42.609281
915f7be3-14bc-4792-8f17-e3cc5f51c659,468c8ff4-2a1a-4845-80fd-6ab84defa314,treatment,Neumonía,Ivermectina,2025-04-10,oral,,2025-05-08,3 ml,Dr. García López,,2025-12-14 22:33:42.609281,2025-12-14 22:33:42.609281
d9e3a952-1e78-417f-a8b0-7fe7e57ea349,468c8ff4-2a1a-4845-80fd-6ab84defa314,surgery,,,2025-11-15,,,,,Dra. Martínez Silva,Ver aumento iglesia pública mitad mucho económico.,2025-12-14 22:33:42.609281,2025-12-14 22:33:42.609281
463aa907-d0af-4283-9b4c-2bb61f4d8244,468c8ff4-2a1a-4845-80fd-6ab84defa314,vaccine,,Levamisol,2025-07-12,intravenous,2025-11-28,,1 ml,Dra. Martínez Silva,,2025-12-14 22:33:42.609281,2025-12-14 22:33:42.609281
99ac7072-b262-4375-a3f7-fd1591ed000b,468c8ff4-2a1a-4845-80fd-6ab84defa314,vaccine,,Levamisol,2025-07-05,oral,,,8 ml,Dr. López González,,2025-12-14 22:33:42.609281,2025-12-14 22:33:42.609281
336d6348-3257-4454-8683-77800e8b97fc,468c8ff4-2a1a-4845-80fd-6ab84defa314,vaccine,,,2025-04-04,,,,,Dra. Martínez Silva,,2025-12-14 22:33:42.609281,2025-12-14 22:33:42.609281
27c72ffb-1269-42ec-87fc-f98570fe3826,468c8ff4-2a1a-4845-80fd-6ab84defa314,vaccine,,Levamisol,2025-04-18,other,2025-08-15,,6 ml,Dr. Rodríguez Pérez,,2025-12-14 22:33:42.609281,2025-12-14 22:33:42.609281
b1fb066b-a6b7-453c-a94e-0815e2db54f3,468c8ff4-2a1a-4845-80fd-6ab84defa314,surgery,,,2025-04-10,,,,,Dr. García López,,2025-12-14 22:33:42.609281,2025-12-14 22:33:42.609281
68931d7f-3dd4-4598-85af-40f698140d53,468c8ff4-2a1a-4845-80fd-6ab84defa314,illness,Brucelosis,,2025-04-03,,,,,Dra. Hernández Ruiz,,2025-12-14 22:33:42.609281,2025-12-14 22:33:42.609281
3147cb73-0f45-4e6f-879c-fbb03475a759,eaa900f9-8926-4916-afe6-8b9ede5cc66b,illness,Mastitis,,2023-11-08,,,,,Dr. López González,,2025-12-14 22:33:42.609281,2025-12-14 22:33:42.609281
96849f87-95e2-4462-9e98-33b1abf20214,eaa900f9-8926-4916-afe6-8b9ede5cc66b,vaccine,,Complejo B,2023-05-16,intravenous,2023-07-02,,5 ml,Dr. López González,Jamás ocasión siglo policía mayor pasar imagen.,2025-12-14 22:33:42.609281,2025-12-14 22:33:42.609281
9d88402f-7887-4973-95a1-85f1005ae70b,eaa900f9-8926-4916-afe6-8b9ede5cc66b,treatment,Fiebre aftosa,,2022-03-29,,,,,,Hechos fuerte diez calle centros permite sentido comunidad.,2025-12-14 22:33:42.609281,2025-12-14 22:33:42.609281
03dbf31c-28dd-404c-ae06-df71989e71f2,eaa900f9-8926-4916-afe6-8b9ede5cc66b,treatment,Neumonía,Vitamina A,2025-02-16,subcutaneous,,,1 ml,Dra. Hernández Ruiz,Congreso señora necesario.,2025-12-14 22:33:42.609281,2025-12-14 22:33:42.609281
baa61336-532c-4871-8f9c-bbb5a704396a,eaa900f9-8926-4916-afe6-8b9ede5cc66b,treatment,,Oxitetraciclina,2022-04-15,other,,,9 ml,,,2025-12-14 22:33:42.609281,2025-12-14 22:33:42.609281
31e8e43c-510b-43ab-aae5-ec747c823dfd,eaa900f9-8926-4916-afe6-8b9ede5cc66b,treatment,Brucelosis,Penicilina,2023-06-02,intramuscular,,2023-06-09,10 ml,Dra. Martínez Silva,,2025-12-14 22:33:42.609281,2025-12-14 22:33:42.609281
