id,cattle_id,heat_date,allows_mounting,vaginal_discharge,vulva_swelling,comportamiento,was_inseminated,insemination_date,pregnancy_confirmed,created_at,updated_at
0c8a2951-d536-4191-886e-f326eada868e,508570c8-a218-4761-9402-bba87740b874,2025-02-24,False,seco,leve,olfatea,False,,,2025-12-15 06:02:56.956017,2025-12-15 06:02:56.956017
4cc5ecdb-7034-4843-a843-6b402ba08434,508570c8-a218-4761-9402-bba87740b874,2025-03-13,True,cristalino,leve,olfatea,False,,,2025-12-15 06:02:56.956017,2025-12-15 06:02:56.956017
aa1ad47b-fb9a-45b9-b79f-9d49db4c4985,508570c8-a218-4761-9402-bba87740b874,2025-04-02,True,turbio,normal,lame_genitales,False,,,2025-12-15 06:02:56.956017,2025-12-15 06:02:56.956017
932571e6-f64b-4950-b5fb-5bf8f7917758,508570c8-a218-4761-9402-bba87740b874,2025-04-21,True,seco,leve,nerviosismo,False,,,2025-12-15 06:02:56.956017,2025-12-15 06:02:56.956017
5982535d-15aa-4c8a-a4c0-0c99d16b4cb0,508570c8-a218-4761-9402-bba87740b874,2025-05-08,True,seco,leve,monta_a_otras,True,2025-05-08,False,2025-12-15 06:02:56.956017,2025-12-15 06:02:56.956017
25b256d6-9175-4fb3-966b-268bf1876774,508570c8-a218-4761-9402-bba87740b874,2025-05-27,False,cristalino,leve,nerviosismo,True,2025-05-27,True,2025-12-15 06:02:56.956017,2025-12-15 06:02:56.956017
2bf4e33e-73fa-46eb-a286-aa66971283ef,508570c8-a218-4761-9402-bba87740b874,2025-06-17,True,cristalino,leve,nerviosismo,False,,,2025-12-15 06:02:56.956017,2025-12-15 06:02:56.956017
7f5f54cf-eb8c-4063-b3fc-f2f0f0a418f5,508570c8-a218-4761-9402-bba87740b874,2025-07-06,False,seco,alta,nerviosismo,False,,,2025-12-15 06:02:56.956017,2025-12-15 06:02:56.956017
bd4f2b7f-09d5-4e90-a6ac-e91b02283d20,508570c8-a218-4761-9402-bba87740b874,2025-07-23,False,turbio,leve,inquietud,False,,,2025-12-15 06:02:56.956017,2025-12-15 06:02:56.956017
81263247-24fd-4215-a52d-d06575287e0c,508570c8-a218-4761-9402-bba87740b874,2025-08-11,False,cristalino,leve,olfatea,False,,,2025-12-15 06:02:56.956017,2025-12-15 06:02:56.956017
8f5c664d-73ed-4070-a178-8cf7d2fcab50,508570c8-a218-4761-9402-bba87740b874,2025-08-30,False,seco,leve,lame_genitales,False,,,2025-12-15 06:02:56.956017,2025-12-15 06:02:56.956017
6dae430d-9142-4cfd-bff2-209a2b923d81,508570c8-a218-4761-9402-bba87740b874,2025-09-19,True,cristalino,normal,inquietud,True,2025-09-19,False,2025-12-15 06:02:56.956017,2025-12-15 06:02:56.956017
da736421-5bfe-4825-b522-12e62813b508,508570c8-a218-4761-9402-bba87740b874,2025-10-09,True,seco,alta,lame_genitales,False,,,2025-12-15 06:02:56.956017,2025-12-15 06:02:56.956017
980052d8-68fe-4c24-8437-5c9e6beb8e3f,508570c8-a218-4761-9402-bba87740b874,2025-10-27,False,cristalino,leve,mugido,False,,,2025-12-15 06:02:56.956017,2025-12-15 06:02:56.956017
82984aa6-ba5e-4970-9841-4b0b9f9cc0d6,508570c8-a218-4761-9402-bba87740b874,2025-11-13,False,cristalino,alta,inquietud,False,,,2025-12-15 06:02:56.956017,2025-12-15 06:02:56.956017
c2c1a1ea-159d-4e58-bc0c-2f078e95d228,508570c8-a218-4761-9402-bba87740b874,2025-12-04,True,turbio,normal,mugido,False,,,2025-12-15 06:02:56.956017,2025-12-15 06:02:56.956017
2874a973-da39-4df5-b298-9fb42957bb5c,67bbce36-2be7-40e8-b67d-99a33081b348,2025-03-12,True,cristalino,normal,mugido,False,,,2025-12-15 06:02:56.956017,2025-12-15 06:02:56.956017
d153adee-60f9-4ae4-9163-77ad0e4ec790,67bbce36-2be7-40e8-b67d-99a33081b348,2025-03-30,False,seco,alta,inquietud,False,,,2025-12-15 06:02:56.956017,2025-12-15 06:02:56.956017
fe95fc8f-caca-4b66-a084-670cfb053f5f,67bbce36-2be7-40e8-b67d-99a33081b348,2025-04-20,False,seco,leve,inquietud,False,,,2025-12-15 06:02:56.956017,2025-12-15 06:02:56.956017
b0422578-a15c-4f02-b79a-df6fb0bf505a,67bbce36-2be7-40e8-b67d-99a33081b348,2025-05-09,True,seco,leve,inquietud,False,,,2025-12-15 06:02:56.956017,2025-12-15 06:02:56.956017
a3038e79-5420-4580-8614-a5f8930e877a,67bbce36-2be7-40e8-b67d-99a33081b348,2025-05-26,False,turbio,normal,mugido,False,,,2025-12-15 06:02:56.956017,2025-12-15 06:02:56.956017
ba4704b5-36e2-436a-83a2-5380b899fff4,67bbce36-2be7-40e8-b67d-99a33081b348,2025-06-13,True,cristalino,alta,nerviosismo,True,2025-06-13,True,2025-12-15 06:02:56.956017,2025-12-15 06:02:56.956017
9f93a49e-4d5a-4cd7-92ea-7530fc3723e8,67bbce36-2be7-40e8-b67d-99a33081b348,2025-07-04,True,seco,alta,inquietud,True,2025-07-04,True,2025-12-15 06:02:56.956017,2025-12-15 06:02:56.956017
6fef3645-2736-4c48-8c90-57826952190e,67bbce36-2be7-40e8-b67d-99a33081b348,2025-07-25,False,turbio,alta,lame_genitales,False,,,2025-12-15 06:02:56.956017,2025-12-15 06:02:56.956017
2f8017e8-e6ca-49d6-939f-99811af703b5,67bbce36-2be7-40e8-b67d-99a33081b348,2025-08-11,False,seco,leve,nerviosismo,True,2025-08-11,True,2025-12-15 06:02:56.956017,2025-12-15 06:02:56.956017
f946d486-9d58-4fd4-b2c2-fc0cdbed15b4,67bbce36-2be7-40e8-b67d-99a33081b348,2025-08-28,False,turbio,normal,olfatea,False,,,2025-12-15 06:02:56.956017,2025-12-15 06:02:56.956017
fedcb3d6-4265-4068-b999-17a0ebde8e30,67bbce36-2be7-40e8-b67d-99a33081b348,2025-09-14,True,cristalino,leve,monta_a_otras,False,,,2025-12-15 06:02:56.956017,2025-12-15 06:02:56.956017
8ae5a548-cd9a-49d6-b30c-52d7bf3f1b93,67bbce36-2be7-40e8-b67d-99a33081b348,2025-10-02,False,cristalino,leve,nerviosismo,False,,,2025-12-15 06:02:56.956017,2025-12-15 06:02:56.956017
8a400abe-d609-463e-aa14-45ba77ab159d,67bbce36-2be7-40e8-b67d-99a33081b348,2025-10-20,True,cristalino,leve,mugido,False,,,2025-12-15 06:02:56.956017,2025-12-15 06:02:56.956017
b2de7443-dd2f-4282-9da4-1a02a9177cc6,67bbce36-2be7-40e8-b67d-99a33081b348,2025-11-06,False,turbio,normal,inquietud,False,,,2025-12-15 06:02:56.956017,2025-12-15 06:02:56.956017
b557156c-68f8-4b6c-afed-970f71cf2608,67bbce36-2be7-40e8-b67d-99a33081b348,2025-11-23,True,seco,normal,lame_genitales,True,2025-11-23,True,2025-12-15 06:02:56.956017,2025-12-15 06:02:56.956017
83466e9c-d7a1-404d-86b3-4624071f0841,67bbce36-2be7-40e8-b67d-99a33081b348,2025-12-12,False,turbio,alta,olfatea,False,,,2025-12-15 06:02:56.956017,2025-12-15 06:02:56.956017
1dcf037c-5774-4cd0-b270-c369ce739706,38e96986-1713-4692-8a2d-9ba71af46f39,2025-05-27,False,cristalino,alta,nerviosismo,False,,,2025-12-15 06:02:56.956017,2025-12-15 06:02:56.956017
e3120635-1de1-41f6-bad4-f14a67d61f62,38e96986-1713-4692-8a2d-9ba71af46f39,2025-06-16,False,cristalino,normal,mugido,False,,,2025-12-15 06:02:56.956017,2025-12-15 06:02:56.956017
99d42ed9-3031-49a3-86e5-b756dca8da29,38e96986-1713-4692-8a2d-9ba71af46f39,2025-07-06,False,seco,normal,lame_genitales,False,,,2025-12-15 06:02:56.956017,2025-12-15 06:02:56.956017
84255836-25e5-4744-b58a-ddfc56724229,38e96986-1713-4692-8a2d-9ba71af46f39,2025-07-27,False,seco,alta,inquietud,False,,,2025-12-15 06:02:56.956017,2025-12-15 06:02:56.956017
46e2ce54-847e-4dbb-99ff-c3ae629d571f,38e96986-1713-4692-8a2d-9ba71af46f39,2025-08-16,False,cristalino,leve,inquietud,True,2025-08-16,True,2025-12-15 06:02:56.956017,2025-12-15 06:02:56.956017
44ef7eca-c7b6-4a6b-b577-1c7fb2bfe5d7,38e96986-1713-4692-8a2d-9ba71af46f39,2025-09-06,False,cristalino,alta,olfatea,True,2025-09-06,False,2025-12-15 06:02:56.956017,2025-12-15 06:02:56.956017
4399c751-230a-43e4-959c-8c7b42fa3368,38e96986-1713-4692-8a2d-9ba71af46f39,2025-09-29,True,seco,normal,monta_a_otras,False,,,2025-12-15 06:02:56.956017,2025-12-15 06:02:56.956017
f7f086f2-1f2d-4346-8ff4-f13b5dcfcdd7,38e96986-1713-4692-8a2d-9ba71af46f39,2025-10-20,False,turbio,leve,mugido,False,,,2025-12-15 06:02:56.956017,2025-12-15 06:02:56.956017
ac21eefc-710a-474a-a62d-0ef43c5b760a,38e96986-1713-4692-8a2d-9ba71af46f39,2025-11-10,False,turbio,alta,lame_genitales,False,,,2025-12-15 06:02:56.956017,2025-12-15 06:02:56.956017
dbd37595-021d-4d14-9c32-608b63440cbc,38e96986-1713-4692-8a2d-9ba71af46f39,2025-12-02,False,cristalino,leve,inquietud,False,,,2025-12-15 06:02:56.956017,2025-12-15 06:02:56.956017
a9252b2a-9b2f-4704-8aa6-dcc2966ceb18,74996de8-8432-43f9-96f1-28408dc0f8f4,2025-05-12,True,turbio,normal,olfatea,True,2025-05-12,True,2025-12-15 06:02:56.956017,2025-12-15 06:02:56.956017
e0bb9515-af6e-4ab0-af33-4d85b5f51de1,74996de8-8432-43f9-96f1-28408dc0f8f4,2025-06-02,False,turbio,normal,lame_genitales,False,,,2025-12-15 06:02:56.956017,2025-12-15 06:02:56.956017
bd831585-3ab6-4b70-8761-537db44ba640,74996de8-8432-43f9-96f1-28408dc0f8f4,2025-06-21,False,cristalino,normal,mugido,False,,,2025-12-15 06:02:56.956017,2025-12-15 06:02:56.956017
c40e8b48-6bf4-4c5b-a7ba-8e9fb5522428,74996de8-8432-43f9-96f1-28408dc0f8f4,2025-07-10,True,seco,alta,mugido,True,2025-07-10,False,2025-12-15 06:02:56.956017,2025-12-15 06:02:56.956017
6346c2a2-f559-4ed9-86bb-c9eb4598b937,74996de8-8432-43f9-96f1-28408dc0f8f4,2025-08-02,False,cristalino,normal,inquietud,True,2025-08-02,True,2025-12-15 06:02:56.956017,2025-12-15 06:02:56.956017
33738abb-2cc6-421d-a60b-b3e417221dae,74996de8-8432-43f9-96f1-28408dc0f8f4,2025-08-22,False,seco,leve,mugido,False,,,2025-12-15 06:02:56.956017,2025-12-15 06:02:56.956017
06f18410-af0f-4062-8a6f-2c6abae63350,74996de8-8432-43f9-96f1-28408dc0f8f4,2025-09-13,False,cristalino,leve,monta_a_otras,False,,,2025-12-15 06:02:56.956017,2025-12-15 06:02:56.956017
531426fa-b328-4dab-bc47-1f6bb9a1a0e6,74996de8-8432-43f9-96f1-28408dc0f8f4,2025-10-05,True,turbio,leve,nerviosismo,False,,,2025-12-15 06:02:56.956017,2025-12-15 06:02:56.956017
4604697b-1a1a-4b5d-b955-566d2d074d1a,74996de8-8432-43f9-96f1-28408dc0f8f4,2025-10-26,True,cristalino,leve,inquietud,False,,,2025-12-15 06:02:56.956017,2025-12-15 06:02:56.956017
bb4c99a9-1ae0-4a4c-ae2b-3fb98e61409d,74996de8-8432-43f9-96f1-28408dc0f8f4,2025-11-17,True,turbio,alta,olfatea,False,,,2025-12-15 06:02:56.956017,2025-12-15 06:02:56.956017
216803db-3e28-45f0-81c3-d176b31642e4,74996de8-8432-43f9-96f1-28408dc0f8f4,2025-12-07,True,cristalino,normal,inquietud,False,,,2025-12-15 06:02:56.956017,2025-12-15 06:02:56.956017
7bea8211-b8f2-47be-ba3f-19efdc21738d,c4356576-30bd-4936-bc43-4baf2b98de07,2025-02-13,True,turbio,leve,lame_genitales,False,,,2025-12-15 06:02:56.956017,2025-12-15 06:02:56.956017
fc73dcd2-8fc0-4f91-abf9-5e7e28089665,c4356576-30bd-4936-bc43-4baf2b98de07,2025-03-09,True,cristalino,leve,monta_a_otras,True,2025-03-09,True,2025-12-15 06:02:56.956017,2025-12-15 06:02:56.956017
c4c73899-decf-4774-88ff-d1d3c91c145a,c4356576-30bd-4936-bc43-4baf2b98de07,2025-04-01,True,turbio,leve,lame_genitales,False,,,2025-12-15 06:02:56.956017,2025-12-15 06:02:56.956017
4cc344d2-5313-4e43-8f8f-4d8f2bfb5828,c4356576-30bd-4936-bc43-4baf2b98de07,2025-04-22,True,seco,normal,inquietud,True,2025-04-22,False,2025-12-15 06:02:56.956017,2025-12-15 06:02:56.956017
9a4a2a80-fae7-4a41-b5d1-0b14996089aa,c4356576-30bd-4936-bc43-4baf2b98de07,2025-05-14,False,seco,alta,olfatea,True,2025-05-14,False,2025-12-15 06:02:56.956017,2025-12-15 06:02:56.956017
3c63df40-ef7f-4edb-a8f5-7ee2fafcb37c,c4356576-30bd-4936-bc43-4baf2b98de07,2025-06-08,False,cristalino,leve,olfatea,True,2025-06-08,True,2025-12-15 06:02:56.956017,2025-12-15 06:02:56.956017
a26b8ec5-4f1c-45b6-a819-ee9042d8d5be,c4356576-30bd-4936-bc43-4baf2b98de07,2025-07-03,True,cristalino,normal,nerviosismo,False,,,2025-12-15 06:02:56.956017,2025-12-15 06:02:56.956017
df484c33-7d9a-47b8-83a0-930b715ba61f,c4356576-30bd-4936-bc43-4baf2b98de07,2025-07-28,True,cristalino,normal,lame_genitales,False,,,2025-12-15 06:02:56.956017,2025-12-15 06:02:56.956017
c6ecfa79-8ea2-4e4e-a34d-e292897a5863,c4356576-30bd-4936-bc43-4baf2b98de07,2025-08-19,True,seco,alta,nerviosismo,True,2025-08-19,True,2025-12-15 06:02:56.956017,2025-12-15 06:02:56.956017
445bc476-cf41-4ebe-a4d7-4e41bcf921ff,c4356576-30bd-4936-bc43-4baf2b98de07,2025-09-10,False,turbio,leve,mugido,False,,,2025-12-15 06:02:56.956017,2025-12-15 06:02:56.956017
b279af92-a7f7-4bd8-8bb5-08ed0804b86d,c4356576-30bd-4936-bc43-4baf2b98de07,2025-10-03,False,turbio,normal,mugido,True,2025-10-03,True,2025-12-15 06:02:56.956017,2025-12-15 06:02:56.956017
2f777f66-01f0-403c-ae54-525121fcc639,c4356576-30bd-4936-bc43-4baf2b98de07,2025-10-25,True,cristalino,alta,lame_genitales,False,,,2025-12-15 06:02:56.956017,2025-12-15 06:02:56.956017
a8188884-9960-4227-a68d-37517c1b55fe,c4356576-30bd-4936-bc43-4baf2b98de07,2025-11-16,True,seco,leve,nerviosismo,False,,,2025-12-15 06:02:56.956017,2025-12-15 06:02:56.956017
4a81c0d1-388d-46c9-b254-36d9cc92fa73,c4356576-30bd-4936-bc43-4baf2b98de07,2025-12-07,True,seco,alta,lame_genitales,True,2025-12-07,True,2025-12-15 06:02:56.956017,2025-12-15 06:02:56.956017
e498353b-c050-4acb-b458-63788138ab9f,a297b7d3-6cea-4ed4-b2e6-fc1e2dd90f4a,2025-02-03,True,turbio,alta,olfatea,False,,,2025-12-15 06:02:56.956017,2025-12-15 06:02:56.956017
3060784e-b222-4a9c-aa45-608459e91ea8,a297b7d3-6cea-4ed4-b2e6-fc1e2dd90f4a,2025-02-26,False,turbio,normal,mugido,False,,,2025-12-15 06:02:56.956017,2025-12-15 06:02:56.956017
3ea863b0-0fdf-4066-b340-1cd61dd25b35,a297b7d3-6cea-4ed4-b2e6-fc1e2dd90f4a,2025-03-22,True,cristalino,leve,nerviosismo,True,2025-03-22,False,2025-12-15 06:02:56.956017,2025-12-15 06:02:56.956017
13806ffa-2015-4073-a83d-aa3128d64b96,a297b7d3-6cea-4ed4-b2e6-fc1e2dd90f4a,2025-04-15,True,turbio,alta,nerviosismo,True,2025-04-15,True,2025-12-15 06:02:56.956017,2025-12-15 06:02:56.956017
27ca9ebb-f7cc-4e08-b0dd-2c7fb105d364,a297b7d3-6cea-4ed4-b2e6-fc1e2dd90f4a,2025-05-07,False,cristalino,alta,lame_genitales,True,2025-05-07,True,2025-12-15 06:02:56.956017,2025-12-15 06:02:56.956017
18f05709-c155-429f-9fa8-471f768af994,a297b7d3-6cea-4ed4-b2e6-fc1e2dd90f4a,2025-05-31,False,cristalino,normal,olfatea,False,,,2025-12-15 06:02:56.956017,2025-12-15 06:02:56.956017
a9280361-0360-43c1-9eae-d8a6d5009d96,a297b7d3-6cea-4ed4-b2e6-fc1e2dd90f4a,2025-06-25,True,cristalino,alta,olfatea,False,,,2025-12-15 06:02:56.956017,2025-12-15 06:02:56.956017
8a5c8db7-d511-42d7-b416-42cfdcfa10e2,a297b7d3-6cea-4ed4-b2e6-fc1e2dd90f4a,2025-07-16,False,cristalino,leve,olfatea,False,,,2025-12-15 06:02:56.956017,2025-12-15 06:02:56.956017
2b0b9787-d00a-43e2-a0ba-46ff7bf781be,a297b7d3-6cea-4ed4-b2e6-fc1e2dd90f4a,2025-08-06,True,seco,leve,inquietud,True,2025-08-06,False,2025-12-15 06:02:56.956017,2025-12-15 06:02:56.956017
09cdca18-7d8b-4eb7-8a55-d443d2495fef,a297b7d3-6cea-4ed4-b2e6-fc1e2dd90f4a,2025-08-31,False,cristalino,normal,mugido,True,2025-08-31,True,2025-12-15 06:02:56.956017,2025-12-15 06:02:56.956017
e24f3c49-5678-4bfb-a3d2-4b202c792538,a297b7d3-6cea-4ed4-b2e6-fc1e2dd90f4a,2025-09-21,True,cristalino,normal,mugido,False,,,2025-12-15 06:02:56.956017,2025-12-15 06:02:56.956017
85a7aa90-e65c-4e06-b0e8-1f297cf90f5c,a297b7d3-6cea-4ed4-b2e6-fc1e2dd90f4a,2025-10-15,False,seco,alta,olfatea,True,2025-10-15,True,2025-12-15 06:02:56.956017,2025-12-15 06:02:56.956017
9dba3bc3-9cdf-46b9-a128-3d8783e69b0d,a297b7d3-6cea-4ed4-b2e6-fc1e2dd90f4a,2025-11-09,False,seco,alta,mugido,False,,,2025-12-15 06:02:56.956017,2025-12-15 06:02:56.956017
b5b224f3-8b4f-490c-96ec-c8247d01e8e2,a297b7d3-6cea-4ed4-b2e6-fc1e2dd90f4a,2025-11-30,False,seco,alta,inquietud,False,,,2025-12-15 06:02:56.956017,2025-12-15 06:02:56.956017
373c75bb-5d43-4336-978e-e04276558ed8,2de0f685-50b0-4bd9-a946-d94472e2cd73,2025-01-04,True,cristalino,leve,monta_a_otras,False,,,2025-12-15 06:02:56.956017,2025-12-15 06:02:56.956017
693b4f5e-7ae9-45e4-8bc1-8f57278e8c73,2de0f685-50b0-4bd9-a946-d94472e2cd73,2025-01-22,False,cristalino,alta,nerviosismo,False,,,2025-12-15 06:02:56.956017,2025-12-15 06:02:56.956017
9e43f8a9-90b9-47a6-a4e7-6c57bf12d834,2de0f685-50b0-4bd9-a946-d94472e2cd73,2025-02-08,True,seco,alta,nerviosismo,False,,,2025-12-15 06:02:56.956017,2025-12-15 06:02:56.956017
7acd18dd-c827-4f47-8f53-8abe854a01ae,2de0f685-50b0-4bd9-a946-d94472e2cd73,2025-02-26,True,turbio,normal,lame_genitales,False,,,2025-12-15 06:02:56.956017,2025-12-15 06:02:56.956017
db5515a9-65ae-49d2-b7c3-d9e19f076950,2de0f685-50b0-4bd9-a946-d94472e2cd73,2025-03-19,True,cristalino,alta,monta_a_otras,True,2025-03-19,True,2025-12-15 06:02:56.956017,2025-12-15 06:02:56.956017
b30bdc1c-b113-4570-9610-d8a2dd36d05a,2de0f685-50b0-4bd9-a946-d94472e2cd73,2025-04-09,True,turbio,leve,monta_a_otras,True,2025-04-09,True,2025-12-15 06:02:56.956017,2025-12-15 06:02:56.956017
ab0dd458-21d0-4480-9a9e-78a3de329720,2de0f685-50b0-4bd9-a946-d94472e2cd73,2025-04-28,False,cristalino,normal,nerviosismo,False,,,2025-12-15 06:02:56.956017,2025-12-15 06:02:56.956017
02cc67ae-dc9c-4ca0-b289-b4864c7b5fb3,2de0f685-50b0-4bd9-a946-d94472e2cd73,2025-05-17,True,turbio,leve,olfatea,False,,,2025-12-15 06:02:56.956017,2025-12-15 06:02:56.956017
d8bcd9c6-d186-4ee4-bb1f-c1839908fd9f,2de0f685-50b0-4bd9-a946-d94472e2cd73,2025-06-07,False,turbio,alta,monta_a_otras,False,,,2025-12-15 06:02:56.956017,2025-12-15 06:02:56.956017
d3f32def-6180-44d7-8a41-3cf9b0b28e09,2de0f685-50b0-4bd9-a946-d94472e2cd73,2025-06-27,True,cristalino,leve,inquietud,False,,,2025-12-15 06:02:56.956017,2025-12-15 06:02:56.956017
e4476326-b7c8-4e71-bf4b-f97a415ffafb,2de0f685-50b0-4bd9-a946-d94472e2cd73,2025-07-16,False,seco,normal,mugido,False,,,2025-12-15 06:02:56.956017,2025-12-15 06:02:56.956017
aa2f9783-153c-41e4-a848-bf47e7395ea5,2de0f685-50b0-4bd9-a946-d94472e2cd73,2025-08-04,True,turbio,normal,olfatea,False,,,2025-12-15 06:02:56.956017,2025-12-15 06:02:56.956017
5d462b6a-0a06-4696-a201-742f77323374,2de0f685-50b0-4bd9-a946-d94472e2cd73,2025-08-23,True,seco,alta,mugido,False,,,2025-12-15 06:02:56.956017,2025-12-15 06:02:56.956017
6a0cc254-1c68-4d5f-908f-09c1c4a8525c,2de0f685-50b0-4bd9-a946-d94472e2cd73,2025-09-11,True,turbio,alta,inquietud,False,,,2025-12-15 06:02:56.956017,2025-12-15 06:02:56.956017
08c9cd98-8c48-4fea-9d69-fa08b3628b1e,2de0f685-50b0-4bd9-a946-d94472e2cd73,2025-10-02,True,turbio,normal,monta_a_otras,False,,,2025-12-15 06:02:56.956017,2025-12-15 06:02:56.956017
f15c2db7-b427-43d0-94cb-969361021c93,2de0f685-50b0-4bd9-a946-d94472e2cd73,2025-10-21,True,turbio,normal,olfatea,False,,,2025-12-15 06:02:56.956017,2025-12-15 06:02:56.956017
5c361452-d786-420e-bb49-2dd930322daa,2de0f685-50b0-4bd9-a946-d94472e2cd73,2025-11-11,False,turbio,leve,olfatea,False,,,2025-12-15 06:02:56.956017,2025-12-15 06:02:56.956017
6f915bb6-2bb9-4e51-85df-ee0f5455dd69,2de0f685-50b0-4bd9-a946-d94472e2cd73,2025-11-30,True,turbio,leve,mugido,False,,,2025-12-15 06:02:56.956017,2025-12-15 06:02:56.956017
e58b9159-fc66-41cd-8d8a-200ce2c17bd4,796fd4ce-26a5-432b-abe1-b1e4376fc176,2025-02-05,False,cristalino,leve,olfatea,False,,,2025-12-15 06:02:56.956017,2025-12-15 06:02:56.956017
2a652dcc-64b7-45b7-9068-cc42820ae450,796fd4ce-26a5-432b-abe1-b1e4376fc176,2025-02-28,False,turbio,alta,lame_genitales,True,2025-02-28,False,2025-12-15 06:02:56.956017,2025-12-15 06:02:56.956017
e96e06b8-fa77-4965-948e-3307b08c29d1,796fd4ce-26a5-432b-abe1-b1e4376fc176,2025-03-22,True,turbio,normal,mugido,False,,,2025-12-15 06:02:56.956017,2025-12-15 06:02:56.956017
6f4ec384-967d-4675-b2b9-0bf8c70811df,796fd4ce-26a5-432b-abe1-b1e4376fc176,2025-04-13,True,turbio,alta,nerviosismo,False,,,2025-12-15 06:02:56.956017,2025-12-15 06:02:56.956017
1ef5ae18-3339-43ed-8000-5ab1d98bd04f,796fd4ce-26a5-432b-abe1-b1e4376fc176,2025-05-08,True,cristalino,leve,nerviosismo,False,,,2025-12-15 06:02:56.956017,2025-12-15 06:02:56.956017
82cae800-87b0-4f7c-96d1-84c0aa278827,796fd4ce-26a5-432b-abe1-b1e4376fc176,2025-06-02,False,turbio,alta,monta_a_otras,False,,,2025-12-15 06:02:56.956017,2025-12-15 06:02:56.956017
2377387e-7bf0-475d-b94f-c422ae71d2aa,796fd4ce-26a5-432b-abe1-b1e4376fc176,2025-06-23,False,turbio,leve,olfatea,False,,,2025-12-15 06:02:56.956017,2025-12-15 06:02:56.956017
c670a254-7035-4919-bd1d-1ac0e7664165,796fd4ce-26a5-432b-abe1-b1e4376fc176,2025-07-18,False,turbio,alta,monta_a_otras,False,,,2025-12-15 06:02:56.956017,2025-12-15 06:02:56.956017
1db36185-3e35-4738-8912-5f0fda1127ed,796fd4ce-26a5-432b-abe1-b1e4376fc176,2025-08-11,True,seco,alta,inquietud,False,,,2025-12-15 06:02:56.956017,2025-12-15 06:02:56.956017
7437b876-02bf-4b88-b79c-5c45ead1f5a4,796fd4ce-26a5-432b-abe1-b1e4376fc176,2025-09-02,False,seco,normal,lame_genitales,False,,,2025-12-15 06:02:56.956017,2025-12-15 06:02:56.956017
299a0d99-0c4a-42b2-a105-5164e304bf75,796fd4ce-26a5-432b-abe1-b1e4376fc176,2025-09-23,False,cristalino,alta,monta_a_otras,True,2025-09-23,True,2025-12-15 06:02:56.956017,2025-12-15 06:02:56.956017
5e2acd2d-0beb-4a78-82cc-556e61667ac5,796fd4ce-26a5-432b-abe1-b1e4376fc176,2025-10-14,False,turbio,alta,nerviosismo,False,,,2025-12-15 06:02:56.956017,2025-12-15 06:02:56.956017
34f96cd9-8c11-4365-ae40-46e97bcca479,796fd4ce-26a5-432b-abe1-b1e4376fc176,2025-11-08,True,turbio,alta,nerviosismo,False,,,2025-12-15 06:02:56.956017,2025-12-15 06:02:56.956017
c552ee00-5a27-45db-8c91-6a5c094462d2,796fd4ce-26a5-432b-abe1-b1e4376fc176,2025-11-30,False,turbio,leve,olfatea,True,2025-11-30,True,2025-12-15 06:02:56.956017,2025-12-15 06:02:56.956017
b149456f-08ff-4019-abd6-0399ddb4b113,e6e43f01-b420-417f-ac24-38c80a61c8ca,2025-01-27,False,seco,alta,nerviosismo,True,2025-01-27,True,2025-12-15 06:02:56.956017,2025-12-15 06:02:56.956017
1701461e-cd6f-4b81-9a08-784977876eda,e6e43f01-b420-417f-ac24-38c80a61c8ca,2025-02-18,True,seco,normal,inquietud,False,,,2025-12-15 06:02:56.956017,2025-12-15 06:02:56.956017
d982dd84-bdce-4572-b19b-a24360b1a200,e6e43f01-b420-417f-ac24-38c80a61c8ca,2025-03-09,False,seco,leve,olfatea,True,2025-03-09,False,2025-12-15 06:02:56.956017,2025-12-15 06:02:56.956017
c36a78a8-1711-4de5-9e40-003dc47ad6f4,e6e43f01-b420-417f-ac24-38c80a61c8ca,2025-04-01,False,seco,alta,lame_genitales,True,2025-04-01,True,2025-12-15 06:02:56.956017,2025-12-15 06:02:56.956017
cf1ea3e1-bed5-4bf9-a30c-6ba6e1c38015,e6e43f01-b420-417f-ac24-38c80a61c8ca,2025-04-20,False,cristalino,leve,lame_genitales,False,,,2025-12-15 06:02:56.956017,2025-12-15 06:02:56.956017
e2a6c7c2-7438-4238-9dea-fb47eb719d86,e6e43f01-b420-417f-ac24-38c80a61c8ca,2025-05-09,True,seco,alta,monta_a_otras,False,,,2025-12-15 06:02:56.956017,2025-12-15 06:02:56.956017
ae252a56-7b13-4ca6-a1c6-cab8b1a7dd41,e6e43f01-b420-417f-ac24-38c80a61c8ca,2025-05-30,False,turbio,alta,inquietud,True,2025-05-30,False,2025-12-15 06:02:56.956017,2025-12-15 06:02:56.956017
fc6de654-2b7a-431a-9fb4-f932e2e3b0fc,e6e43f01-b420-417f-ac24-38c80a61c8ca,2025-06-21,True,seco,alta,lame_genitales,False,,,2025-12-15 06:02:56.956017,2025-12-15 06:02:56.956017
68ff6b21-6f80-44c1-9ec7-8fca2f479143,e6e43f01-b420-417f-ac24-38c80a61c8ca,2025-07-12,True,turbio,leve,olfatea,False,,,2025-12-15 06:02:56.956017,2025-12-15 06:02:56.956017
ea30c7f1-35a6-4ac7-aa78-38c46afabac0,e6e43f01-b420-417f-ac24-38c80a61c8ca,2025-08-01,True,turbio,normal,lame_genitales,False,,,2025-12-15 06:02:56.956017,2025-12-15 06:02:56.956017
6a8fee75-b365-4198-b212-9e029076537a,e6e43f01-b420-417f-ac24-38c80a61c8ca,2025-08-20,False,turbio,leve,monta_a_otras,False,,,2025-12-15 06:02:56.956017,2025-12-15 06:02:56.956017
13ccd135-8e1d-42e3-8c2e-cde032d98f2d,e6e43f01-b420-417f-ac24-38c80a61c8ca,2025-09-08,True,seco,alta,mugido,False,,,2025-12-15 06:02:56.956017,2025-12-15 06:02:56.956017
546903b4-13a2-4fa8-9c3b-3d4062ad0f6a,e6e43f01-b420-417f-ac24-38c80a61c8ca,2025-09-29,False,turbio,alta,lame_genitales,True,2025-09-29,True,2025-12-15 06:02:56.956017,2025-12-15 06:02:56.956017
5adc871a-745c-4ef8-8bcd-c93e1d7cb4d2,e6e43f01-b420-417f-ac24-38c80a61c8ca,2025-10-18,False,turbio,normal,inquietud,True,2025-10-18,False,2025-12-15 06:02:56.956017,2025-12-15 06:02:56.956017
27ccfde7-f3c2-4e08-8d63-03ef551ca0bb,e6e43f01-b420-417f-ac24-38c80a61c8ca,2025-11-09,True,turbio,leve,inquietud,True,2025-11-09,False,2025-12-15 06:02:56.956017,2025-12-15 06:02:56.956017
d014e43d-cc9a-40ce-9755-4a9a04f28ba1,e6e43f01-b420-417f-ac24-38c80a61c8ca,2025-11-28,True,turbio,alta,olfatea,False,,,2025-12-15 06:02:56.956017,2025-12-15 06:02:56.956017
f7964997-6519-4bc1-b98d-b1f2b00297d9,08ed8a86-49ae-4f9d-9a8a-5247a50b4f0b,2025-02-01,True,cristalino,normal,lame_genitales,True,2025-02-01,True,2025-12-15 06:02:56.956017,2025-12-15 06:02:56.956017
1860bd3b-c4d3-44c1-9a84-de5af6cd21c3,08ed8a86-49ae-4f9d-9a8a-5247a50b4f0b,2025-02-22,True,seco,normal,inquietud,False,,,2025-12-15 06:02:56.956017,2025-12-15 06:02:56.956017
104f1caf-a919-4637-a276-ac75f265d973,08ed8a86-49ae-4f9d-9a8a-5247a50b4f0b,2025-03-15,False,turbio,alta,olfatea,False,,,2025-12-15 06:02:56.956017,2025-12-15 06:02:56.956017
3f5c257a-905b-4574-a5ba-89787eaaf5c4,08ed8a86-49ae-4f9d-9a8a-5247a50b4f0b,2025-04-07,False,cristalino,alta,nerviosismo,True,2025-04-07,True,2025-12-15 06:02:56.956017,2025-12-15 06:02:56.956017
ad03b519-6750-4d8e-9a7c-80b3add0f7d4,08ed8a86-49ae-4f9d-9a8a-5247a50b4f0b,2025-04-26,True,cristalino,normal,monta_a_otras,False,,,2025-12-15 06:02:56.956017,2025-12-15 06:02:56.956017
999958dc-ee7a-4db7-af35-5b6ef599e1f6,08ed8a86-49ae-4f9d-9a8a-5247a50b4f0b,2025-05-18,False,cristalino,leve,lame_genitales,False,,,2025-12-15 06:02:56.957050,2025-12-15 06:02:56.957050
06e81fc5-bf9b-49e3-801c-33336bdec0fc,08ed8a86-49ae-4f9d-9a8a-5247a50b4f0b,2025-06-09,False,turbio,leve,mugido,False,,,2025-12-15 06:02:56.957050,2025-12-15 06:02:56.957050
ae26f8dd-47d0-4dfa-801e-c5e223420990,08ed8a86-49ae-4f9d-9a8a-5247a50b4f0b,2025-06-29,False,seco,normal,mugido,True,2025-06-29,True,2025-12-15 06:02:56.957050,2025-12-15 06:02:56.957050
12abaf37-68a3-496c-aa2c-1033e9a7dda0,08ed8a86-49ae-4f9d-9a8a-5247a50b4f0b,2025-07-22,True,cristalino,leve,mugido,False,,,2025-12-15 06:02:56.957050,2025-12-15 06:02:56.957050
12ed1885-edcc-4846-a23c-af73af6d4063,08ed8a86-49ae-4f9d-9a8a-5247a50b4f0b,2025-08-12,False,seco,alta,nerviosismo,False,,,2025-12-15 06:02:56.957050,2025-12-15 06:02:56.957050
937a94d4-e72b-4c14-a178-4c405e3d021d,08ed8a86-49ae-4f9d-9a8a-5247a50b4f0b,2025-08-31,False,turbio,normal,nerviosismo,False,,,2025-12-15 06:02:56.957050,2025-12-15 06:02:56.957050
021a6a9c-acc3-4236-8a73-c022f99c94e6,08ed8a86-49ae-4f9d-9a8a-5247a50b4f0b,2025-09-22,True,seco,alta,nerviosismo,False,,,2025-12-15 06:02:56.957050,2025-12-15 06:02:56.957050
292bb126-9426-452d-89dd-7b99b171c955,08ed8a86-49ae-4f9d-9a8a-5247a50b4f0b,2025-10-11,False,cristalino,alta,inquietud,False,,,2025-12-15 06:02:56.957050,2025-12-15 06:02:56.957050
dd237a50-9838-46c0-af14-e18f03f4554d,08ed8a86-49ae-4f9d-9a8a-5247a50b4f0b,2025-11-01,True,seco,alta,nerviosismo,False,,,2025-12-15 06:02:56.957050,2025-12-15 06:02:56.957050
68f01350-30ff-499f-a315-d836ce3deb6d,08ed8a86-49ae-4f9d-9a8a-5247a50b4f0b,2025-11-20,False,turbio,normal,nerviosismo,True,2025-11-20,False,2025-12-15 06:02:56.957050,2025-12-15 06:02:56.957050
f8ea352f-dff3-4111-abb6-3b34f13493d8,08ed8a86-49ae-4f9d-9a8a-5247a50b4f0b,2025-12-12,True,seco,normal,nerviosismo,False,,,2025-12-15 06:02:56.957050,2025-12-15 06:02:56.957050
2d2fbc4e-c029-4866-852a-99cc93245c91,a0babefa-4124-41bc-a5bf-9cf851c7dcbd,2025-02-24,False,turbio,normal,olfatea,False,,,2025-12-15 06:02:56.957050,2025-12-15 06:02:56.957050
e9c686e9-36ca-46c5-9e12-f80285b6c123,a0babefa-4124-41bc-a5bf-9cf851c7dcbd,2025-03-17,False,turbio,normal,inquietud,False,,,2025-12-15 06:02:56.957050,2025-12-15 06:02:56.957050
33ffb9b6-d9a1-490b-aa9d-1017dd4f57a8,a0babefa-4124-41bc-a5bf-9cf851c7dcbd,2025-04-11,False,turbio,alta,mugido,False,,,2025-12-15 06:02:56.957050,2025-12-15 06:02:56.957050
ee60a695-2db9-4689-805b-f5a70f4afacb,a0babefa-4124-41bc-a5bf-9cf851c7dcbd,2025-05-06,False,cristalino,normal,lame_genitales,True,2025-05-06,True,2025-12-15 06:02:56.957050,2025-12-15 06:02:56.957050
2cda4f11-f590-414f-b5fb-91db776b7f73,a0babefa-4124-41bc-a5bf-9cf851c7dcbd,2025-05-28,False,turbio,normal,monta_a_otras,False,,,2025-12-15 06:02:56.957050,2025-12-15 06:02:56.957050
c5686e71-9d54-4b6e-a1f1-bb055aa5da7e,a0babefa-4124-41bc-a5bf-9cf851c7dcbd,2025-06-21,True,cristalino,normal,mugido,False,,,2025-12-15 06:02:56.957050,2025-12-15 06:02:56.957050
cec062ed-e10f-49dc-925e-5e18e1ade3fe,a0babefa-4124-41bc-a5bf-9cf851c7dcbd,2025-07-12,False,turbio,normal,nerviosismo,True,2025-07-12,True,2025-12-15 06:02:56.957050,2025-12-15 06:02:56.957050
adfc5d26-31e6-4eaf-9d69-96a78725f747,a0babefa-4124-41bc-a5bf-9cf851c7dcbd,2025-08-04,True,seco,leve,olfatea,False,,,2025-12-15 06:02:56.957050,2025-12-15 06:02:56.957050
e80a994e-b7a2-4cf7-9427-4f8a566eaead,a0babefa-4124-41bc-a5bf-9cf851c7dcbd,2025-08-27,True,cristalino,normal,olfatea,False,,,2025-12-15 06:02:56.957050,2025-12-15 06:02:56.957050
8f36ad2d-03ce-44cb-8a71-7af5b3389370,a0babefa-4124-41bc-a5bf-9cf851c7dcbd,2025-09-19,True,turbio,leve,mugido,False,,,2025-12-15 06:02:56.957050,2025-12-15 06:02:56.957050
d626cd52-d821-46dc-a461-ef4b6b795e7c,a0babefa-4124-41bc-a5bf-9cf851c7dcbd,2025-10-12,False,cristalino,alta,monta_a_otras,True,2025-10-12,False,2025-12-15 06:02:56.957050,2025-12-15 06:02:56.957050
11da7929-1a62-46fb-87d9-5cd6382d6728,a0babefa-4124-41bc-a5bf-9cf851c7dcbd,2025-11-03,False,turbio,leve,nerviosismo,True,2025-11-03,True,2025-12-15 06:02:56.957050,2025-12-15 06:02:56.957050
026c38e2-2553-4bcb-bb26-230180da5adb,a0babefa-4124-41bc-a5bf-9cf851c7dcbd,2025-11-25,True,seco,leve,monta_a_otras,False,,,2025-12-15 06:02:56.957050,2025-12-15 06:02:56.957050
f2040f91-f3e7-4322-a5bb-b035e0907f96,43455f44-0470-4aa1-aef6-e3f7125ce09a,2025-04-05,True,seco,alta,mugido,True,2025-04-05,False,2025-12-15 06:02:56.957050,2025-12-15 06:02:56.957050
42e29727-4981-4693-9930-e4851d52f948,43455f44-0470-4aa1-aef6-e3f7125ce09a,2025-04-26,True,turbio,alta,olfatea,False,,,2025-12-15 06:02:56.957050,2025-12-15 06:02:56.957050
4f81d813-1f0f-420e-bb57-2fc491b21457,43455f44-0470-4aa1-aef6-e3f7125ce09a,2025-05-16,False,cristalino,alta,inquietud,True,2025-05-16,True,2025-12-15 06:02:56.957050,2025-12-15 06:02:56.957050
bdd1b3ee-1697-4577-88e2-aa3bb2e2145b,43455f44-0470-4aa1-aef6-e3f7125ce09a,2025-06-06,True,turbio,leve,inquietud,False,,,2025-12-15 06:02:56.957050,2025-12-15 06:02:56.957050
fe748b81-82e0-4078-997b-2ff786d2e7da,43455f44-0470-4aa1-aef6-e3f7125ce09a,2025-06-25,True,turbio,alta,lame_genitales,False,,,2025-12-15 06:02:56.957050,2025-12-15 06:02:56.957050
d8871b97-cf8a-486a-9665-2b28c7c40564,43455f44-0470-4aa1-aef6-e3f7125ce09a,2025-07-16,False,turbio,leve,olfatea,False,,,2025-12-15 06:02:56.957050,2025-12-15 06:02:56.957050
5e696b54-2dc8-4895-a620-fe0f3449c656,43455f44-0470-4aa1-aef6-e3f7125ce09a,2025-08-05,False,cristalino,alta,monta_a_otras,False,,,2025-12-15 06:02:56.957050,2025-12-15 06:02:56.957050
37e1c520-a45e-4a53-b6ca-f43315e404be,43455f44-0470-4aa1-aef6-e3f7125ce09a,2025-08-28,False,cristalino,leve,inquietud,False,,,2025-12-15 06:02:56.957050,2025-12-15 06:02:56.957050
d77ecd31-4ea7-4ad5-89c9-1b105c9f1ef3,43455f44-0470-4aa1-aef6-e3f7125ce09a,2025-09-20,True,seco,alta,olfatea,False,,,2025-12-15 06:02:56.957050,2025-12-15 06:02:56.957050
ebeffb03-499c-4bf1-a5de-f2233c5a4e43,43455f44-0470-4aa1-aef6-e3f7125ce09a,2025-10-11,False,cristalino,leve,inquietud,False,,,2025-12-15 06:02:56.957050,2025-12-15 06:02:56.957050
905a8a19-061e-4c8f-84f1-0ea7f3a9d898,43455f44-0470-4aa1-aef6-e3f7125ce09a,2025-11-03,True,seco,leve,mugido,False,,,2025-12-15 06:02:56.957050,2025-12-15 06:02:56.957050
f71e54a8-861f-42c8-b303-1b5c1be505f3,43455f44-0470-4aa1-aef6-e3f7125ce09a,2025-11-24,True,seco,leve,monta_a_otras,True,2025-11-24,True,2025-12-15 06:02:56.957050,2025-12-15 06:02:56.957050
afec7aa3-0432-46dc-9830-663b65f13165,80683f50-08e3-4bd4-9040-2e0518c3577e,2025-04-08,False,seco,leve,mugido,True,2025-04-08,False,2025-12-15 06:02:56.957050,2025-12-15 06:02:56.957050
62eae763-7f05-4366-937b-7da528c3bf35,80683f50-08e3-4bd4-9040-2e0518c3577e,2025-04-27,True,seco,alta,monta_a_otras,False,,,2025-12-15 06:02:56.957050,2025-12-15 06:02:56.957050
5e72690d-c6ad-4ea8-b0e9-9c041f30441e,80683f50-08e3-4bd4-9040-2e0518c3577e,2025-05-18,False,cristalino,normal,inquietud,False,,,2025-12-15 06:02:56.957050,2025-12-15 06:02:56.957050
70eee777-a087-4c04-95d4-c20195a4dd01,80683f50-08e3-4bd4-9040-2e0518c3577e,2025-06-08,False,cristalino,leve,inquietud,False,,,2025-12-15 06:02:56.957050,2025-12-15 06:02:56.957050
cbf30669-a0a3-4200-b846-37990f4e1ed5,80683f50-08e3-4bd4-9040-2e0518c3577e,2025-06-27,False,turbio,normal,olfatea,False,,,2025-12-15 06:02:56.957050,2025-12-15 06:02:56.957050
97f005a0-e02b-4af7-9217-341119c01027,80683f50-08e3-4bd4-9040-2e0518c3577e,2025-07-14,False,seco,normal,monta_a_otras,False,,,2025-12-15 06:02:56.957050,2025-12-15 06:02:56.957050
9f747122-c176-423c-b394-fb74eb024b6b,80683f50-08e3-4bd4-9040-2e0518c3577e,2025-07-31,False,seco,normal,olfatea,False,,,2025-12-15 06:02:56.957050,2025-12-15 06:02:56.957050
7577b6f0-3072-4d2f-aa1d-03ed5056a8ec,80683f50-08e3-4bd4-9040-2e0518c3577e,2025-08-21,True,seco,normal,nerviosismo,False,,,2025-12-15 06:02:56.957050,2025-12-15 06:02:56.957050
177c981d-aeaf-4095-bb16-115fb9afec07,80683f50-08e3-4bd4-9040-2e0518c3577e,2025-09-11,True,seco,leve,nerviosismo,True,2025-09-11,False,2025-12-15 06:02:56.957050,2025-12-15 06:02:56.957050
8d107e9b-3597-4857-b1fa-9511ac961eac,80683f50-08e3-4bd4-9040-2e0518c3577e,2025-10-01,True,turbio,normal,monta_a_otras,True,2025-10-01,False,2025-12-15 06:02:56.957050,2025-12-15 06:02:56.957050
71241586-5e8d-45a7-b212-438e8ed0e9c9,80683f50-08e3-4bd4-9040-2e0518c3577e,2025-10-19,False,seco,normal,monta_a_otras,True,2025-10-19,False,2025-12-15 06:02:56.957050,2025-12-15 06:02:56.957050
afeeefd1-ca5a-4c5a-b47c-a39fe5537b4c,80683f50-08e3-4bd4-9040-2e0518c3577e,2025-11-09,True,cristalino,normal,monta_a_otras,True,2025-11-09,False,2025-12-15 06:02:56.957050,2025-12-15 06:02:56.957050
1d09446d-6d1e-443f-b46b-5f4949228e91,80683f50-08e3-4bd4-9040-2e0518c3577e,2025-11-28,True,seco,leve,monta_a_otras,False,,,2025-12-15 06:02:56.957050,2025-12-15 06:02:56.957050
c972ee7a-acfb-4cb8-bc39-5260dc96f401,dc2afacc-e835-450e-92fc-5b3076959215,2025-02-04,False,seco,leve,lame_genitales,True,2025-02-04,False,2025-12-15 06:02:56.957050,2025-12-15 06:02:56.957050
6ca15fee-83b5-40a6-828e-297426d663e3,dc2afacc-e835-450e-92fc-5b3076959215,2025-02-28,False,turbio,leve,lame_genitales,False,,,2025-12-15 06:02:56.957050,2025-12-15 06:02:56.957050
5b836b2b-19ab-4f95-9257-89e9ff512d1d,dc2afacc-e835-450e-92fc-5b3076959215,2025-03-24,True,turbio,leve,nerviosismo,False,,,2025-12-15 06:02:56.957050,2025-12-15 06:02:56.957050
eb2a25e3-db31-484e-a040-4be19f46a2e9,dc2afacc-e835-450e-92fc-5b3076959215,2025-04-14,True,turbio,normal,nerviosismo,False,,,2025-12-15 06:02:56.957050,2025-12-15 06:02:56.957050
c542dd26-312b-4899-86ed-1acc01482b62,dc2afacc-e835-450e-92fc-5b3076959215,2025-05-06,True,cristalino,leve,monta_a_otras,False,,,2025-12-15 06:02:56.957050,2025-12-15 06:02:56.957050
9abcdd01-1929-45c3-b329-54fb371ad302,dc2afacc-e835-450e-92fc-5b3076959215,2025-05-31,True,turbio,normal,inquietud,False,,,2025-12-15 06:02:56.957050,2025-12-15 06:02:56.957050
c2c8ff8c-bbe4-4d61-a1d5-4a3c1f85d738,dc2afacc-e835-450e-92fc-5b3076959215,2025-06-21,True,seco,leve,inquietud,False,,,2025-12-15 06:02:56.957050,2025-12-15 06:02:56.957050
1c09cf5f-c548-426e-9f51-de7c5f4f7142,dc2afacc-e835-450e-92fc-5b3076959215,2025-07-16,False,seco,normal,nerviosismo,False,,,2025-12-15 06:02:56.957050,2025-12-15 06:02:56.957050
8272e0e0-98a5-4ab6-83d1-bfd7491d12cb,dc2afacc-e835-450e-92fc-5b3076959215,2025-08-10,False,cristalino,alta,inquietud,True,2025-08-10,True,2025-12-15 06:02:56.957050,2025-12-15 06:02:56.957050
0a992f5e-47d6-4275-994a-3eb9763b8354,dc2afacc-e835-450e-92fc-5b3076959215,2025-08-31,True,turbio,normal,inquietud,True,2025-08-31,True,2025-12-15 06:02:56.957050,2025-12-15 06:02:56.957050
84d12b9f-f43c-4a88-aff8-38066595c7c4,dc2afacc-e835-450e-92fc-5b3076959215,2025-09-22,False,seco,leve,nerviosismo,True,2025-09-22,True,2025-12-15 06:02:56.957050,2025-12-15 06:02:56.957050
602926a2-18d9-409d-a4c4-1cdcc21045f9,dc2afacc-e835-450e-92fc-5b3076959215,2025-10-16,False,cristalino,alta,nerviosismo,True,2025-10-16,True,2025-12-15 06:02:56.957050,2025-12-15 06:02:56.957050
a950f1db-8411-4f45-a90c-abf475074125,dc2afacc-e835-450e-92fc-5b3076959215,2025-11-10,False,cristalino,leve,mugido,False,,,2025-12-15 06:02:56.957050,2025-12-15 06:02:56.957050
7819f25c-34f7-4a5a-ad93-f1bfd3a732b8,dc2afacc-e835-450e-92fc-5b3076959215,2025-12-02,False,seco,normal,inquietud,True,2025-12-02,True,2025-12-15 06:02:56.957050,2025-12-15 06:02:56.957050
9bf6a70d-7d4d-41f4-9a2d-3e8d17c19b5a,bcda213b-c99d-4b70-8ead-25b4e94e545d,2025-01-15,False,turbio,normal,inquietud,True,2025-01-15,False,2025-12-15 06:02:56.957050,2025-12-15 06:02:56.957050
348bbad8-0897-4697-b3b1-4c3a035c0eef,bcda213b-c99d-4b70-8ead-25b4e94e545d,2025-02-03,True,cristalino,leve,inquietud,True,2025-02-03,True,2025-12-15 06:02:56.957050,2025-12-15 06:02:56.957050
159a55ae-4fce-4f0f-b9a6-79bad83f176d,bcda213b-c99d-4b70-8ead-25b4e94e545d,2025-02-22,True,cristalino,normal,nerviosismo,False,,,2025-12-15 06:02:56.957050,2025-12-15 06:02:56.957050
84fef2e8-400c-4dbd-9e39-5f9442e99cae,bcda213b-c99d-4b70-8ead-25b4e94e545d,2025-03-13,True,cristalino,leve,olfatea,True,2025-03-13,True,2025-12-15 06:02:56.957050,2025-12-15 06:02:56.957050
422804a4-69c8-4d0a-8e07-51fa32f74c27,bcda213b-c99d-4b70-8ead-25b4e94e545d,2025-04-03,True,cristalino,normal,monta_a_otras,False,,,2025-12-15 06:02:56.957050,2025-12-15 06:02:56.957050
1705e811-d4b6-4984-8531-67d5750f0db2,bcda213b-c99d-4b70-8ead-25b4e94e545d,2025-04-23,False,seco,normal,nerviosismo,False,,,2025-12-15 06:02:56.957050,2025-12-15 06:02:56.957050
c23c23e4-b3eb-4f58-b4d5-485a3020e76c,bcda213b-c99d-4b70-8ead-25b4e94e545d,2025-05-12,False,seco,normal,olfatea,False,,,2025-12-15 06:02:56.957050,2025-12-15 06:02:56.957050
752f68e7-9877-445c-a44f-0a84ef4c022c,bcda213b-c99d-4b70-8ead-25b4e94e545d,2025-05-30,True,seco,leve,inquietud,False,,,2025-12-15 06:02:56.957050,2025-12-15 06:02:56.957050
d951412a-9155-4436-b093-584c2efffa9a,bcda213b-c99d-4b70-8ead-25b4e94e545d,2025-06-19,True,cristalino,alta,inquietud,False,,,2025-12-15 06:02:56.957050,2025-12-15 06:02:56.957050
50a2c65d-55bd-44be-88fd-4243427e7052,bcda213b-c99d-4b70-8ead-25b4e94e545d,2025-07-08,False,seco,alta,olfatea,False,,,2025-12-15 06:02:56.957050,2025-12-15 06:02:56.957050
989a2460-40e4-4a4f-b069-ace0252005e6,bcda213b-c99d-4b70-8ead-25b4e94e545d,2025-07-28,False,seco,normal,lame_genitales,False,,,2025-12-15 06:02:56.957050,2025-12-15 06:02:56.957050
fd14ac0e-75d8-4c20-a6c8-82ac6fc082d2,bcda213b-c99d-4b70-8ead-25b4e94e545d,2025-08-17,False,turbio,leve,lame_genitales,False,,,2025-12-15 06:02:56.957050,2025-12-15 06:02:56.957050
a634209e-7d7a-4789-a9e5-73fd22937c32,bcda213b-c99d-4b70-8ead-25b4e94e545d,2025-09-06,True,seco,alta,inquietud,True,2025-09-06,False,2025-12-15 06:02:56.957050,2025-12-15 06:02:56.957050
081fc91c-422e-4b48-a879-8625de989e7b,bcda213b-c99d-4b70-8ead-25b4e94e545d,2025-09-27,True,cristalino,alta,inquietud,False,,,2025-12-15 06:02:56.957050,2025-12-15 06:02:56.957050
2b1b29c8-a6d4-4d73-aed3-7c9187a5f798,bcda213b-c99d-4b70-8ead-25b4e94e545d,2025-10-14,True,turbio,leve,mugido,False,,,2025-12-15 06:02:56.957050,2025-12-15 06:02:56.957050
d6f4fe74-bdb8-4bf3-9585-c6bcabbfff61,bcda213b-c99d-4b70-8ead-25b4e94e545d,2025-10-31,False,cristalino,normal,nerviosismo,True,2025-10-31,True,2025-12-15 06:02:56.957050,2025-12-15 06:02:56.957050
85090dc5-007d-4f9c-b372-aba902397ea8,bcda213b-c99d-4b70-8ead-25b4e94e545d,2025-11-18,False,cristalino,leve,inquietud,False,,,2025-12-15 06:02:56.957050,2025-12-15 06:02:56.957050
6b116fef-1c6a-411a-8dc3-66cc31f791b5,bcda213b-c99d-4b70-8ead-25b4e94e545d,2025-12-07,True,cristalino,leve,nerviosismo,False,,,2025-12-15 06:02:56.957050,2025-12-15 06:02:56.957050
bb309108-067c-4df6-9add-6e6679920806,094911fa-57d6-44d8-8b4f-583fd8a4fab8,2024-12-30,False,cristalino,normal,olfatea,False,,,2025-12-15 06:02:56.957050,2025-12-15 06:02:56.957050
fdaf3b08-d9c1-4359-ae27-d0a430a62d48,094911fa-57d6-44d8-8b4f-583fd8a4fab8,2025-01-21,True,cristalino,normal,monta_a_otras,False,,,2025-12-15 06:02:56.957050,2025-12-15 06:02:56.957050
63a9e013-a590-4de2-991c-63ce76afbd19,094911fa-57d6-44d8-8b4f-583fd8a4fab8,2025-02-14,True,cristalino,leve,monta_a_otras,False,,,2025-12-15 06:02:56.957050,2025-12-15 06:02:56.957050
c1dd1250-977b-48dc-822a-bde296cf509a,094911fa-57d6-44d8-8b4f-583fd8a4fab8,2025-03-11,True,cristalino,leve,inquietud,False,,,2025-12-15 06:02:56.957050,2025-12-15 06:02:56.957050
7ac539c7-c598-489b-ac8b-95f5172803f3,094911fa-57d6-44d8-8b4f-583fd8a4fab8,2025-04-01,True,cristalino,leve,monta_a_otras,True,2025-04-01,False,2025-12-15 06:02:56.957050,2025-12-15 06:02:56.957050
c3784245-e667-4ce3-9fb5-f7c0b9cc3def,094911fa-57d6-44d8-8b4f-583fd8a4fab8,2025-04-26,True,turbio,alta,inquietud,False,,,2025-12-15 06:02:56.957050,2025-12-15 06:02:56.957050
b570ff3e-5aca-448f-b102-b0534882d33f,094911fa-57d6-44d8-8b4f-583fd8a4fab8,2025-05-18,False,turbio,leve,nerviosismo,False,,,2025-12-15 06:02:56.957050,2025-12-15 06:02:56.957050
17f8af53-8b1e-4385-abc4-f730fe1f998c,094911fa-57d6-44d8-8b4f-583fd8a4fab8,2025-06-12,True,cristalino,normal,nerviosismo,False,,,2025-12-15 06:02:56.957050,2025-12-15 06:02:56.957050
3afcefca-f8dc-4f3a-855f-b0c87b7bdaaa,094911fa-57d6-44d8-8b4f-583fd8a4fab8,2025-07-06,False,seco,leve,inquietud,False,,,2025-12-15 06:02:56.957050,2025-12-15 06:02:56.957050
31975f65-b88f-4442-ab24-572aa945c08e,094911fa-57d6-44d8-8b4f-583fd8a4fab8,2025-07-28,False,turbio,leve,inquietud,True,2025-07-28,False,2025-12-15 06:02:56.957050,2025-12-15 06:02:56.957050
43c7bffe-3de7-433d-bc2d-a416fef7b523,094911fa-57d6-44d8-8b4f-583fd8a4fab8,2025-08-18,False,seco,alta,mugido,True,2025-08-18,True,2025-12-15 06:02:56.957050,2025-12-15 06:02:56.957050
1fb8ef52-62de-40e2-99a1-c70dc67f416b,094911fa-57d6-44d8-8b4f-583fd8a4fab8,2025-09-09,False,seco,normal,olfatea,True,2025-09-09,False,2025-12-15 06:02:56.957050,2025-12-15 06:02:56.957050
fcb2d5c9-c890-401b-8d4a-4ba9f1ac99b4,094911fa-57d6-44d8-8b4f-583fd8a4fab8,2025-09-30,True,turbio,leve,olfatea,True,2025-09-30,False,2025-12-15 06:02:56.957050,2025-12-15 06:02:56.957050
0c1ca2b3-8a8e-4279-b130-6d6864282ad8,094911fa-57d6-44d8-8b4f-583fd8a4fab8,2025-10-24,False,cristalino,normal,lame_genitales,False,,,2025-12-15 06:02:56.957050,2025-12-15 06:02:56.957050
c8d59e7a-0537-46d8-a25e-0aef07834b11,094911fa-57d6-44d8-8b4f-583fd8a4fab8,2025-11-15,False,turbio,leve,monta_a_otras,False,,,2025-12-15 06:02:56.957050,2025-12-15 06:02:56.957050
ee256907-b2d4-47ef-af84-ceaa7047fc69,094911fa-57d6-44d8-8b4f-583fd8a4fab8,2025-12-06,False,cristalino,leve,monta_a_otras,False,,,2025-12-15 06:02:56.957050,2025-12-15 06:02:56.957050
7213eb9c-dce6-4aa7-b506-0266b7ead4b4,b26f2af0-96bc-4444-acac-dd8bbd230740,2025-03-18,False,seco,leve,mugido,False,,,2025-12-15 06:02:56.957050,2025-12-15 06:02:56.957050
fb3f11e1-4d94-49c2-9499-7a53e1bfce34,b26f2af0-96bc-4444-acac-dd8bbd230740,2025-04-09,True,cristalino,normal,nerviosismo,False,,,2025-12-15 06:02:56.957050,2025-12-15 06:02:56.957050
f98483e7-9905-471b-9a50-aaff45b07376,b26f2af0-96bc-4444-acac-dd8bbd230740,2025-04-29,True,seco,leve,lame_genitales,False,,,2025-12-15 06:02:56.957050,2025-12-15 06:02:56.957050
1ec99ef1-1e87-482f-9bcc-2d5e32c3f087,b26f2af0-96bc-4444-acac-dd8bbd230740,2025-05-21,True,seco,normal,monta_a_otras,False,,,2025-12-15 06:02:56.957050,2025-12-15 06:02:56.957050
63a3b4cc-70b5-43b9-b4b3-1875e57ffd37,b26f2af0-96bc-4444-acac-dd8bbd230740,2025-06-10,True,turbio,alta,nerviosismo,False,,,2025-12-15 06:02:56.957050,2025-12-15 06:02:56.957050
9317b465-a2de-491a-b5d9-fa6bb96fc70b,b26f2af0-96bc-4444-acac-dd8bbd230740,2025-06-30,True,cristalino,alta,inquietud,True,2025-06-30,True,2025-12-15 06:02:56.957050,2025-12-15 06:02:56.957050
4663d701-d80a-468e-a52d-f42a64214f62,b26f2af0-96bc-4444-acac-dd8bbd230740,2025-07-24,False,cristalino,normal,nerviosismo,False,,,2025-12-15 06:02:56.957050,2025-12-15 06:02:56.957050
01b7b570-39d7-4ac6-b806-daa030718798,b26f2af0-96bc-4444-acac-dd8bbd230740,2025-08-15,True,seco,alta,olfatea,True,2025-08-15,True,2025-12-15 06:02:56.957050,2025-12-15 06:02:56.957050
a8fd730f-24b6-4ad9-b397-b867868d0013,b26f2af0-96bc-4444-acac-dd8bbd230740,2025-09-04,True,turbio,normal,olfatea,False,,,2025-12-15 06:02:56.957050,2025-12-15 06:02:56.957050
708ac57d-2373-4c7d-9f9e-cef199921547,b26f2af0-96bc-4444-acac-dd8bbd230740,2025-09-24,True,cristalino,leve,nerviosismo,True,2025-09-24,True,2025-12-15 06:02:56.957050,2025-12-15 06:02:56.957050
7a860f69-d611-4495-a7f8-49f353d50e8d,b26f2af0-96bc-4444-acac-dd8bbd230740,2025-10-16,False,cristalino,alta,monta_a_otras,True,2025-10-16,True,2025-12-15 06:02:56.957050,2025-12-15 06:02:56.957050
e67b1921-ae3c-4acc-bd11-dac67eaab913,b26f2af0-96bc-4444-acac-dd8bbd230740,2025-11-09,True,seco,alta,inquietud,False,,,2025-12-15 06:02:56.957050,2025-12-15 06:02:56.957050
c4768766-53df-40fb-8b6c-b9ff7ecb8075,b26f2af0-96bc-4444-acac-dd8bbd230740,2025-12-02,True,turbio,normal,mugido,False,,,2025-12-15 06:02:56.957050,2025-12-15 06:02:56.957050
489d707d-fe76-41d5-b130-bb50e3d513ee,23261ffb-ece8-4af9-95ec-7e43ea6a964a,2025-05-15,True,seco,leve,monta_a_otras,True,2025-05-15,False,2025-12-15 06:02:56.957050,2025-12-15 06:02:56.957050
8ed395c4-0f13-437c-9761-ac27125f1b20,23261ffb-ece8-4af9-95ec-7e43ea6a964a,2025-06-08,False,turbio,leve,olfatea,False,,,2025-12-15 06:02:56.957050,2025-12-15 06:02:56.957050
2a657c27-880e-465c-846c-6aa76af17a00,23261ffb-ece8-4af9-95ec-7e43ea6a964a,2025-06-28,True,turbio,leve,olfatea,False,,,2025-12-15 06:02:56.957050,2025-12-15 06:02:56.957050
8cec59f5-7f1b-41de-9f1b-430528b058e8,23261ffb-ece8-4af9-95ec-7e43ea6a964a,2025-07-19,False,turbio,leve,lame_genitales,True,2025-07-19,False,2025-12-15 06:02:56.957050,2025-12-15 06:02:56.957050
ecebe361-96c1-4229-aa5d-2c7cda5baefc,23261ffb-ece8-4af9-95ec-7e43ea6a964a,2025-08-12,False,cristalino,normal,mugido,True,2025-08-12,True,2025-12-15 06:02:56.958019,2025-12-15 06:02:56.958019
0f2fa851-e798-4ab5-b7a4-13c9f1f8ae5b,23261ffb-ece8-4af9-95ec-7e43ea6a964a,2025-09-03,True,turbio,alta,monta_a_otras,False,,,2025-12-15 06:02:56.958019,2025-12-15 06:02:56.958019
786e9c0b-2890-42be-841f-9920d2872c16,23261ffb-ece8-4af9-95ec-7e43ea6a964a,2025-09-26,False,seco,leve,nerviosismo,False,,,2025-12-15 06:02:56.958019,2025-12-15 06:02:56.958019
c12856b0-17e4-4fe5-9dc9-68ff71fccdd8,23261ffb-ece8-4af9-95ec-7e43ea6a964a,2025-10-18,False,cristalino,leve,olfatea,False,,,2025-12-15 06:02:56.958019,2025-12-15 06:02:56.958019
af6eb8ab-11a5-4aac-90cc-37b3d3d1ed4f,23261ffb-ece8-4af9-95ec-7e43ea6a964a,2025-11-07,False,seco,normal,inquietud,False,,,2025-12-15 06:02:56.958019,2025-12-15 06:02:56.958019
3637265b-4737-462b-9959-7bbe3790cf2d,23261ffb-ece8-4af9-95ec-7e43ea6a964a,2025-11-29,True,seco,normal,inquietud,True,2025-11-29,True,2025-12-15 06:02:56.958019,2025-12-15 06:02:56.958019
26f1b74f-f87e-49eb-b6d1-e53cdf63f027,d6fde476-0dda-477c-8fa0-a0a6ee7fdf3f,2025-06-04,False,cristalino,leve,monta_a_otras,True,2025-06-04,True,2025-12-15 06:02:56.958019,2025-12-15 06:02:56.958019
d8a6c79d-624f-4e43-bbdb-f8b157d208ec,d6fde476-0dda-477c-8fa0-a0a6ee7fdf3f,2025-06-26,False,seco,alta,mugido,True,2025-06-26,False,2025-12-15 06:02:56.958019,2025-12-15 06:02:56.958019
c92fd053-ea88-4e42-b3a8-cb45011dcbfb,d6fde476-0dda-477c-8fa0-a0a6ee7fdf3f,2025-07-20,True,seco,normal,lame_genitales,True,2025-07-20,True,2025-12-15 06:02:56.958019,2025-12-15 06:02:56.958019
3fbd0a6f-c30d-40a7-aa8e-8f61d2636adb,d6fde476-0dda-477c-8fa0-a0a6ee7fdf3f,2025-08-11,True,cristalino,alta,inquietud,False,,,2025-12-15 06:02:56.958019,2025-12-15 06:02:56.958019
fb15135d-32de-43f5-b95a-b2f84ebf2a8a,d6fde476-0dda-477c-8fa0-a0a6ee7fdf3f,2025-09-03,False,seco,leve,lame_genitales,False,,,2025-12-15 06:02:56.958019,2025-12-15 06:02:56.958019
27fa423b-3625-4063-94ea-be8e3c1ccb85,d6fde476-0dda-477c-8fa0-a0a6ee7fdf3f,2025-09-27,True,cristalino,alta,mugido,False,,,2025-12-15 06:02:56.958019,2025-12-15 06:02:56.958019
2db6e9f2-c387-4b94-b08c-624111216560,d6fde476-0dda-477c-8fa0-a0a6ee7fdf3f,2025-10-20,True,turbio,leve,nerviosismo,True,2025-10-20,False,2025-12-15 06:02:56.958019,2025-12-15 06:02:56.958019
ebbcf1a0-dc0c-4fe5-a6cd-0c7dac43caa0,d6fde476-0dda-477c-8fa0-a0a6ee7fdf3f,2025-11-10,True,cristalino,alta,mugido,False,,,2025-12-15 06:02:56.958019,2025-12-15 06:02:56.958019
0feacfcf-0873-4c9d-b39a-e7c860fcabb1,d6fde476-0dda-477c-8fa0-a0a6ee7fdf3f,2025-12-01,True,cristalino,normal,monta_a_otras,False,,,2025-12-15 06:02:56.958019,2025-12-15 06:02:56.958019
93eb8524-4bf0-47bc-9f0f-7b603db1e8a5,1914a8e7-90ae-4f6d-a281-0056bb7e207d,2025-02-28,True,seco,alta,nerviosismo,False,,,2025-12-15 06:02:56.958019,2025-12-15 06:02:56.958019
4328efdf-53a1-4f36-a2d5-0462ebbd8bd7,1914a8e7-90ae-4f6d-a281-0056bb7e207d,2025-03-19,False,cristalino,normal,inquietud,False,,,2025-12-15 06:02:56.958019,2025-12-15 06:02:56.958019
42faa6cd-ed5c-4928-9412-82d7729bce1f,1914a8e7-90ae-4f6d-a281-0056bb7e207d,2025-04-07,False,seco,leve,mugido,False,,,2025-12-15 06:02:56.958019,2025-12-15 06:02:56.958019
bb673de6-73ae-433c-ac60-e6cacf9c0098,1914a8e7-90ae-4f6d-a281-0056bb7e207d,2025-04-29,True,turbio,normal,nerviosismo,True,2025-04-29,True,2025-12-15 06:02:56.958019,2025-12-15 06:02:56.958019
12e6d717-e5b2-47bf-86fd-a2f1e3882c79,1914a8e7-90ae-4f6d-a281-0056bb7e207d,2025-05-20,True,turbio,leve,mugido,False,,,2025-12-15 06:02:56.958019,2025-12-15 06:02:56.958019
84990358-3487-4601-b011-4b24c740542a,1914a8e7-90ae-4f6d-a281-0056bb7e207d,2025-06-08,False,seco,leve,inquietud,True,2025-06-08,True,2025-12-15 06:02:56.958019,2025-12-15 06:02:56.958019
b4dabe06-6600-404b-b067-f9d0bc66bbe5,1914a8e7-90ae-4f6d-a281-0056bb7e207d,2025-06-26,True,cristalino,normal,olfatea,False,,,2025-12-15 06:02:56.958019,2025-12-15 06:02:56.958019
527799ea-2b5a-4b94-92c5-0d406e6ac1df,1914a8e7-90ae-4f6d-a281-0056bb7e207d,2025-07-14,False,turbio,normal,monta_a_otras,False,,,2025-12-15 06:02:56.958019,2025-12-15 06:02:56.958019
a2b9fd97-e254-4370-9646-62c827dd2aa6,1914a8e7-90ae-4f6d-a281-0056bb7e207d,2025-08-01,True,turbio,normal,mugido,False,,,2025-12-15 06:02:56.958019,2025-12-15 06:02:56.958019
92d06cb2-bedf-45d8-afab-0133da8dbbc2,1914a8e7-90ae-4f6d-a281-0056bb7e207d,2025-08-22,True,cristalino,normal,inquietud,False,,,2025-12-15 06:02:56.958019,2025-12-15 06:02:56.958019
a1b8cd6f-882d-4759-af8c-d5735f17650b,1914a8e7-90ae-4f6d-a281-0056bb7e207d,2025-09-12,False,cristalino,leve,nerviosismo,False,,,2025-12-15 06:02:56.958019,2025-12-15 06:02:56.958019
48032e6d-b7af-4056-ab26-e97097ad5294,1914a8e7-90ae-4f6d-a281-0056bb7e207d,2025-10-04,True,turbio,alta,mugido,False,,,2025-12-15 06:02:56.958019,2025-12-15 06:02:56.958019
98ee0b6d-222a-40b8-abf3-b0510bacd07c,1914a8e7-90ae-4f6d-a281-0056bb7e207d,2025-10-26,True,cristalino,normal,mugido,True,2025-10-26,True,2025-12-15 06:02:56.958019,2025-12-15 06:02:56.958019
427ddd92-940e-406e-8837-5769b401d941,1914a8e7-90ae-4f6d-a281-0056bb7e207d,2025-11-15,True,seco,alta,nerviosismo,False,,,2025-12-15 06:02:56.958019,2025-12-15 06:02:56.958019
32c3bd72-7469-42eb-85e0-6c2e9bf5320c,1914a8e7-90ae-4f6d-a281-0056bb7e207d,2025-12-04,False,turbio,leve,lame_genitales,False,,,2025-12-15 06:02:56.958019,2025-12-15 06:02:56.958019
ce9cd57b-2f0c-467c-baa5-d8a73c13067b,0ee61ad6-c79c-4b6f-ab63-2739b6609a52,2025-02-21,False,turbio,leve,nerviosismo,False,,,2025-12-15 06:02:56.958019,2025-12-15 06:02:56.958019
a0b6c9fc-61a1-4cdf-b7c2-2adbbe524535,0ee61ad6-c79c-4b6f-ab63-2739b6609a52,2025-03-18,True,seco,alta,inquietud,False,,,2025-12-15 06:02:56.958019,2025-12-15 06:02:56.958019
2ac1d6bb-8202-4f65-b345-653f31d9ccec,0ee61ad6-c79c-4b6f-ab63-2739b6609a52,2025-04-11,False,cristalino,leve,mugido,False,,,2025-12-15 06:02:56.958019,2025-12-15 06:02:56.958019
ce5a3d72-a7d6-4a60-86e8-eb30caedae60,0ee61ad6-c79c-4b6f-ab63-2739b6609a52,2025-05-02,False,cristalino,alta,nerviosismo,True,2025-05-02,True,2025-12-15 06:02:56.958019,2025-12-15 06:02:56.958019
48bf7c25-8770-4b70-bb02-5da68439ffae,0ee61ad6-c79c-4b6f-ab63-2739b6609a52,2025-05-23,True,turbio,leve,mugido,False,,,2025-12-15 06:02:56.958019,2025-12-15 06:02:56.958019
9249fb18-5359-4ba1-ace8-c3b8dece1cfa,0ee61ad6-c79c-4b6f-ab63-2739b6609a52,2025-06-16,True,seco,leve,olfatea,True,2025-06-16,True,2025-12-15 06:02:56.958019,2025-12-15 06:02:56.958019
aceb88ae-1081-47b3-863c-495157730fe7,0ee61ad6-c79c-4b6f-ab63-2739b6609a52,2025-07-07,True,cristalino,leve,monta_a_otras,False,,,2025-12-15 06:02:56.958019,2025-12-15 06:02:56.958019
8dff8848-4f99-4b92-bbbe-752ca269fe42,0ee61ad6-c79c-4b6f-ab63-2739b6609a52,2025-07-31,True,cristalino,normal,inquietud,False,,,2025-12-15 06:02:56.958019,2025-12-15 06:02:56.958019
5bce1f8e-24b7-4a4f-aacf-8be519644e92,0ee61ad6-c79c-4b6f-ab63-2739b6609a52,2025-08-23,True,seco,leve,nerviosismo,True,2025-08-23,True,2025-12-15 06:02:56.958019,2025-12-15 06:02:56.958019
4d56dbc7-0ab3-4c10-abd8-ec072b11c860,0ee61ad6-c79c-4b6f-ab63-2739b6609a52,2025-09-17,True,turbio,leve,nerviosismo,True,2025-09-17,True,2025-12-15 06:02:56.958019,2025-12-15 06:02:56.958019
0013ff9d-7e10-4e77-bbab-995d980a00ee,0ee61ad6-c79c-4b6f-ab63-2739b6609a52,2025-10-11,False,turbio,alta,monta_a_otras,False,,,2025-12-15 06:02:56.958019,2025-12-15 06:02:56.958019
c75a1f0e-a261-4c9d-8ee2-05da2af15d23,0ee61ad6-c79c-4b6f-ab63-2739b6609a52,2025-11-02,True,cristalino,normal,nerviosismo,False,,,2025-12-15 06:02:56.958019,2025-12-15 06:02:56.958019
cada55f3-5661-4de7-be07-87e6e5333737,0ee61ad6-c79c-4b6f-ab63-2739b6609a52,2025-11-27,True,seco,leve,lame_genitales,True,2025-11-27,True,2025-12-15 06:02:56.958019,2025-12-15 06:02:56.958019
4740b9e3-42e9-4680-9639-dd9de7848dd9,e36acfdc-e6c2-46e1-8ab5-576b8308808d,2025-04-04,True,turbio,alta,mugido,False,,,2025-12-15 06:02:56.958019,2025-12-15 06:02:56.958019
936fcd86-4f4e-4c04-8e07-214f0617ef00,e36acfdc-e6c2-46e1-8ab5-576b8308808d,2025-04-21,True,turbio,normal,lame_genitales,False,,,2025-12-15 06:02:56.958019,2025-12-15 06:02:56.958019
ed43b7d4-cb78-45d3-a310-6bdf5c168071,e36acfdc-e6c2-46e1-8ab5-576b8308808d,2025-05-09,False,cristalino,normal,monta_a_otras,False,,,2025-12-15 06:02:56.958019,2025-12-15 06:02:56.958019
ce2f5dec-3730-4911-acd5-3dcc033522e6,e36acfdc-e6c2-46e1-8ab5-576b8308808d,2025-05-27,True,turbio,alta,nerviosismo,True,2025-05-27,False,2025-12-15 06:02:56.958019,2025-12-15 06:02:56.958019
37783448-25a2-45f5-a0f1-25f0f184f4a8,e36acfdc-e6c2-46e1-8ab5-576b8308808d,2025-06-14,False,turbio,normal,nerviosismo,False,,,2025-12-15 06:02:56.958019,2025-12-15 06:02:56.958019
f16b1aa5-6fdc-4e17-a2ff-8be295b0d79b,e36acfdc-e6c2-46e1-8ab5-576b8308808d,2025-07-01,False,turbio,leve,olfatea,False,,,2025-12-15 06:02:56.958019,2025-12-15 06:02:56.958019
b6ce74a7-3de6-4f7e-8cfd-e285c88c19f5,e36acfdc-e6c2-46e1-8ab5-576b8308808d,2025-07-20,True,turbio,normal,olfatea,False,,,2025-12-15 06:02:56.958019,2025-12-15 06:02:56.958019
6f512e10-f757-416e-89e7-cd1268c89c85,e36acfdc-e6c2-46e1-8ab5-576b8308808d,2025-08-09,True,turbio,normal,monta_a_otras,False,,,2025-12-15 06:02:56.958019,2025-12-15 06:02:56.958019
2f55d615-d265-4174-b9d9-5efedf63cbcb,e36acfdc-e6c2-46e1-8ab5-576b8308808d,2025-08-28,True,seco,leve,olfatea,False,,,2025-12-15 06:02:56.958019,2025-12-15 06:02:56.958019
1a37fac2-2a82-4e07-a57e-26ab35713758,e36acfdc-e6c2-46e1-8ab5-576b8308808d,2025-09-14,True,cristalino,alta,nerviosismo,True,2025-09-14,True,2025-12-15 06:02:56.958019,2025-12-15 06:02:56.958019
9a933af5-0f44-40d6-bde1-aefa7f633ad8,e36acfdc-e6c2-46e1-8ab5-576b8308808d,2025-10-05,False,turbio,leve,monta_a_otras,True,2025-10-05,True,2025-12-15 06:02:56.958019,2025-12-15 06:02:56.958019
c7de0830-0783-4af1-bdee-c93efe34254d,e36acfdc-e6c2-46e1-8ab5-576b8308808d,2025-10-25,False,cristalino,normal,olfatea,False,,,2025-12-15 06:02:56.958019,2025-12-15 06:02:56.958019
11337978-37f7-40a1-bdbf-816dbf8d2503,e36acfdc-e6c2-46e1-8ab5-576b8308808d,2025-11-13,True,cristalino,leve,monta_a_otras,False,,,2025-12-15 06:02:56.958019,2025-12-15 06:02:56.958019
0a836d97-9f12-4074-b58e-e057f82393de,e36acfdc-e6c2-46e1-8ab5-576b8308808d,2025-12-01,True,cristalino,normal,lame_genitales,False,,,2025-12-15 06:02:56.958019,2025-12-15 06:02:56.958019
d8285f54-8c01-45a5-af66-ed798bdefac9,3420384d-9061-4c27-aa52-57c917f745b4,2025-01-22,False,cristalino,normal,nerviosismo,True,2025-01-22,True,2025-12-15 06:02:56.958019,2025-12-15 06:02:56.958019
60840a87-3901-4d9e-8aa5-a222c2fa7b61,3420384d-9061-4c27-aa52-57c917f745b4,2025-02-11,False,turbio,leve,monta_a_otras,True,2025-02-11,True,2025-12-15 06:02:56.958019,2025-12-15 06:02:56.958019
3db57e19-4e16-44bf-ad8c-8901339bc3ea,3420384d-9061-4c27-aa52-57c917f745b4,2025-03-03,False,seco,normal,olfatea,True,2025-03-03,True,2025-12-15 06:02:56.958019,2025-12-15 06:02:56.958019
5487b29f-ff29-42bf-8127-548be6617df1,3420384d-9061-4c27-aa52-57c917f745b4,2025-03-22,False,turbio,leve,mugido,False,,,2025-12-15 06:02:56.958019,2025-12-15 06:02:56.958019
7558e229-6332-42fa-8ec5-6393997823a2,3420384d-9061-4c27-aa52-57c917f745b4,2025-04-11,True,seco,normal,nerviosismo,False,,,2025-12-15 06:02:56.958019,2025-12-15 06:02:56.958019
fd6d670d-d40b-4ba3-a5f2-5d04265b1482,3420384d-9061-4c27-aa52-57c917f745b4,2025-04-29,False,seco,normal,mugido,True,2025-04-29,True,2025-12-15 06:02:56.958019,2025-12-15 06:02:56.958019
cd744352-4d6f-4a0b-b143-c6e35b7a3a24,3420384d-9061-4c27-aa52-57c917f745b4,2025-05-20,True,cristalino,normal,lame_genitales,False,,,2025-12-15 06:02:56.958019,2025-12-15 06:02:56.958019
afb6eb32-00e7-45f1-a1a9-34c3754a1256,3420384d-9061-4c27-aa52-57c917f745b4,2025-06-09,False,turbio,alta,lame_genitales,True,2025-06-09,True,2025-12-15 06:02:56.958019,2025-12-15 06:02:56.958019
ed142c67-947f-4dbd-9bff-8f584840c9d2,3420384d-9061-4c27-aa52-57c917f745b4,2025-06-30,False,turbio,alta,olfatea,False,,,2025-12-15 06:02:56.958019,2025-12-15 06:02:56.958019
3c89b283-1cef-4640-8a59-ed35aae1c623,3420384d-9061-4c27-aa52-57c917f745b4,2025-07-18,True,seco,normal,lame_genitales,True,2025-07-18,False,2025-12-15 06:02:56.958019,2025-12-15 06:02:56.958019
51dbeef5-4c71-47c7-bda1-839b528f6ba4,3420384d-9061-4c27-aa52-57c917f745b4,2025-08-06,True,cristalino,alta,nerviosismo,False,,,2025-12-15 06:02:56.958019,2025-12-15 06:02:56.958019
6408e072-7d5e-4cf8-93b0-6fbd509edb4d,3420384d-9061-4c27-aa52-57c917f745b4,2025-08-24,False,turbio,leve,olfatea,False,,,2025-12-15 06:02:56.958019,2025-12-15 06:02:56.958019
73e7e4a9-af4c-4986-9092-76356fd6ce93,3420384d-9061-4c27-aa52-57c917f745b4,2025-09-10,True,seco,alta,nerviosismo,False,,,2025-12-15 06:02:56.958019,2025-12-15 06:02:56.958019
59455458-15ca-4401-ad56-b049a0ecb6b8,3420384d-9061-4c27-aa52-57c917f745b4,2025-09-27,True,cristalino,normal,olfatea,True,2025-09-27,True,2025-12-15 06:02:56.958019,2025-12-15 06:02:56.958019
b816ee56-4050-48b6-9ee0-0b3dc604c298,3420384d-9061-4c27-aa52-57c917f745b4,2025-10-15,False,seco,normal,mugido,False,,,2025-12-15 06:02:56.958019,2025-12-15 06:02:56.958019
b66f6fda-ee44-431a-81e3-aabac5cffb81,3420384d-9061-4c27-aa52-57c917f745b4,2025-11-03,True,cristalino,normal,nerviosismo,False,,,2025-12-15 06:02:56.958019,2025-12-15 06:02:56.958019
708ec611-a167-43fa-95e7-656b69c8c79c,3420384d-9061-4c27-aa52-57c917f745b4,2025-11-24,False,cristalino,normal,inquietud,False,,,2025-12-15 06:02:56.958019,2025-12-15 06:02:56.958019
2c542aad-8767-461d-ae8b-fc643ce4549a,3420384d-9061-4c27-aa52-57c917f745b4,2025-12-12,False,cristalino,normal,lame_genitales,False,,,2025-12-15 06:02:56.958019,2025-12-15 06:02:56.958019
38bad3db-ffba-4c34-9ee6-8fb1d7a2aac1,47b6f7b6-bb34-43dd-9547-fe30da858da1,2025-03-20,True,turbio,alta,nerviosismo,False,,,2025-12-15 06:02:56.958019,2025-12-15 06:02:56.958019
c38110f1-a012-439f-a5ee-58e33339841b,47b6f7b6-bb34-43dd-9547-fe30da858da1,2025-04-10,False,cristalino,normal,mugido,True,2025-04-10,False,2025-12-15 06:02:56.958019,2025-12-15 06:02:56.958019
ef511417-e043-4117-904a-2b88b456810e,47b6f7b6-bb34-43dd-9547-fe30da858da1,2025-05-03,False,turbio,normal,lame_genitales,False,,,2025-12-15 06:02:56.958019,2025-12-15 06:02:56.958019
02b7b348-05df-44a9-a52f-ff4c06c5d617,47b6f7b6-bb34-43dd-9547-fe30da858da1,2025-05-24,False,turbio,normal,mugido,True,2025-05-24,True,2025-12-15 06:02:56.958019,2025-12-15 06:02:56.958019
3773368e-ec57-46f0-a9e2-eb034d3fada4,47b6f7b6-bb34-43dd-9547-fe30da858da1,2025-06-14,True,cristalino,normal,inquietud,True,2025-06-14,True,2025-12-15 06:02:56.958019,2025-12-15 06:02:56.958019
6e5ee6de-76c0-4931-b20d-167134aa67e6,47b6f7b6-bb34-43dd-9547-fe30da858da1,2025-07-09,False,turbio,leve,inquietud,False,,,2025-12-15 06:02:56.958019,2025-12-15 06:02:56.958019
b28159e5-2e72-4537-a2a5-5286151768f8,47b6f7b6-bb34-43dd-9547-fe30da858da1,2025-08-02,True,seco,normal,mugido,False,,,2025-12-15 06:02:56.958019,2025-12-15 06:02:56.958019
131f8d71-1ab6-4d6a-b69d-9031bc1db24f,47b6f7b6-bb34-43dd-9547-fe30da858da1,2025-08-27,False,cristalino,alta,inquietud,False,,,2025-12-15 06:02:56.958019,2025-12-15 06:02:56.958019
6b4a1179-7c76-4ced-a56e-7325d84ca99a,47b6f7b6-bb34-43dd-9547-fe30da858da1,2025-09-20,False,turbio,alta,mugido,False,,,2025-12-15 06:02:56.958019,2025-12-15 06:02:56.958019
e007548d-5871-4b45-bb0a-e06a6497ecce,47b6f7b6-bb34-43dd-9547-fe30da858da1,2025-10-15,False,cristalino,normal,lame_genitales,False,,,2025-12-15 06:02:56.958019,2025-12-15 06:02:56.958019
2a0d42f3-cc17-48f3-b193-dcce527d731b,47b6f7b6-bb34-43dd-9547-fe30da858da1,2025-11-09,True,cristalino,alta,mugido,True,2025-11-09,True,2025-12-15 06:02:56.958019,2025-12-15 06:02:56.958019
3f379dc7-6943-4c42-bf87-57307d74f254,47b6f7b6-bb34-43dd-9547-fe30da858da1,2025-12-04,False,turbio,alta,mugido,False,,,2025-12-15 06:02:56.958019,2025-12-15 06:02:56.958019
9819ae8d-7345-4880-bc78-09888f9967db,c29c51d0-1a28-48c5-be04-9a19caf32a55,2025-04-07,True,turbio,leve,nerviosismo,False,,,2025-12-15 06:02:56.958019,2025-12-15 06:02:56.958019
1f7ce5f7-d5d4-45d4-950c-724d5bdfcae2,c29c51d0-1a28-48c5-be04-9a19caf32a55,2025-04-27,False,seco,leve,inquietud,False,,,2025-12-15 06:02:56.958019,2025-12-15 06:02:56.958019
2ecdffb4-5fa3-492b-8907-dcb8ca8b65ce,c29c51d0-1a28-48c5-be04-9a19caf32a55,2025-05-15,True,turbio,alta,mugido,False,,,2025-12-15 06:02:56.958019,2025-12-15 06:02:56.958019
4889d9cd-2439-4e59-b1d9-40d9489664dd,c29c51d0-1a28-48c5-be04-9a19caf32a55,2025-06-04,False,seco,leve,mugido,False,,,2025-12-15 06:02:56.958019,2025-12-15 06:02:56.958019
acc242e7-337a-47cb-ab8e-7f00c79cc9b2,c29c51d0-1a28-48c5-be04-9a19caf32a55,2025-06-24,True,cristalino,normal,mugido,False,,,2025-12-15 06:02:56.958019,2025-12-15 06:02:56.958019
a67d0b78-f6a7-446e-8be0-aeeee5437c43,c29c51d0-1a28-48c5-be04-9a19caf32a55,2025-07-15,False,seco,alta,lame_genitales,False,,,2025-12-15 06:02:56.958019,2025-12-15 06:02:56.958019
d746c937-2d61-4d60-80f9-26d4565b69a5,c29c51d0-1a28-48c5-be04-9a19caf32a55,2025-08-04,True,seco,leve,mugido,True,2025-08-04,False,2025-12-15 06:02:56.958019,2025-12-15 06:02:56.958019
7f71ed2e-ab2c-4840-a8a1-6d70a9db2c97,c29c51d0-1a28-48c5-be04-9a19caf32a55,2025-08-25,True,turbio,normal,nerviosismo,False,,,2025-12-15 06:02:56.958019,2025-12-15 06:02:56.958019
5be83d85-163e-45d2-a19a-39425457e476,c29c51d0-1a28-48c5-be04-9a19caf32a55,2025-09-14,False,seco,alta,inquietud,False,,,2025-12-15 06:02:56.958019,2025-12-15 06:02:56.958019
9ac2c0be-a279-4b5a-af63-3dc1691cb5c6,c29c51d0-1a28-48c5-be04-9a19caf32a55,2025-10-05,False,turbio,leve,inquietud,False,,,2025-12-15 06:02:56.958019,2025-12-15 06:02:56.958019
1deb693c-ae04-48fe-a9c5-1d4d6a51e35c,c29c51d0-1a28-48c5-be04-9a19caf32a55,2025-10-25,False,cristalino,normal,olfatea,False,,,2025-12-15 06:02:56.958019,2025-12-15 06:02:56.958019
8451f6bd-e065-4401-a16f-f9b0938985fa,c29c51d0-1a28-48c5-be04-9a19caf32a55,2025-11-14,True,seco,leve,lame_genitales,False,,,2025-12-15 06:02:56.958019,2025-12-15 06:02:56.958019
cd76c0cd-1172-478a-9dc8-924c25a1088e,c29c51d0-1a28-48c5-be04-9a19caf32a55,2025-12-02,False,turbio,leve,monta_a_otras,False,,,2025-12-15 06:02:56.958019,2025-12-15 06:02:56.958019
19b60fc3-b28d-49a0-8e81-1f4b9ab7b3ed,973ecddc-f079-4ef4-8748-0ade370c7713,2025-05-31,True,seco,normal,mugido,True,2025-05-31,True,2025-12-15 06:02:56.958019,2025-12-15 06:02:56.958019
eede5e79-d43a-4425-9434-d7bf5a8e9f6d,973ecddc-f079-4ef4-8748-0ade370c7713,2025-06-22,False,cristalino,alta,inquietud,False,,,2025-12-15 06:02:56.958019,2025-12-15 06:02:56.958019
f494ff00-047a-4334-bf97-66f016127513,973ecddc-f079-4ef4-8748-0ade370c7713,2025-07-13,False,cristalino,normal,monta_a_otras,False,,,2025-12-15 06:02:56.958019,2025-12-15 06:02:56.958019
5d31236d-eea4-4a81-956a-9195eaa0de40,973ecddc-f079-4ef4-8748-0ade370c7713,2025-08-07,False,turbio,leve,monta_a_otras,False,,,2025-12-15 06:02:56.958019,2025-12-15 06:02:56.958019
4e2cc251-d954-4bb4-9e6d-62ca14026bac,973ecddc-f079-4ef4-8748-0ade370c7713,2025-08-28,True,turbio,alta,lame_genitales,True,2025-08-28,False,2025-12-15 06:02:56.958019,2025-12-15 06:02:56.958019
a45e4652-bb12-433b-9d81-b4a42410e95e,973ecddc-f079-4ef4-8748-0ade370c7713,2025-09-18,True,cristalino,leve,nerviosismo,True,2025-09-18,False,2025-12-15 06:02:56.958019,2025-12-15 06:02:56.958019
658306b3-79bc-4120-94b6-022eca7c51b3,973ecddc-f079-4ef4-8748-0ade370c7713,2025-10-11,True,seco,alta,inquietud,False,,,2025-12-15 06:02:56.958019,2025-12-15 06:02:56.958019
1ce0869e-4174-48b6-b6e2-09c6a9a08634,973ecddc-f079-4ef4-8748-0ade370c7713,2025-11-05,False,seco,leve,mugido,False,,,2025-12-15 06:02:56.958019,2025-12-15 06:02:56.958019
95fc5840-005a-4f04-ac07-ffc1af1c4162,973ecddc-f079-4ef4-8748-0ade370c7713,2025-11-27,False,seco,leve,lame_genitales,False,,,2025-12-15 06:02:56.958019,2025-12-15 06:02:56.958019
63da5fc6-9a25-4ee3-a19b-648fd6b48261,0dae6431-8455-4b19-a3bd-6b99dc74b33b,2025-02-10,True,cristalino,normal,lame_genitales,False,,,2025-12-15 06:02:56.958019,2025-12-15 06:02:56.958019
21af7e54-7835-42bc-af6a-e48e606a922f,0dae6431-8455-4b19-a3bd-6b99dc74b33b,2025-03-05,False,seco,normal,nerviosismo,False,,,2025-12-15 06:02:56.958019,2025-12-15 06:02:56.958019
6290216d-bd84-4f9b-ab9f-729470923b68,0dae6431-8455-4b19-a3bd-6b99dc74b33b,2025-03-29,True,seco,leve,olfatea,False,,,2025-12-15 06:02:56.958019,2025-12-15 06:02:56.958019
eb88c91b-22b0-4b6f-a7cd-e07376079348,0dae6431-8455-4b19-a3bd-6b99dc74b33b,2025-04-22,True,turbio,alta,inquietud,True,2025-04-22,False,2025-12-15 06:02:56.958019,2025-12-15 06:02:56.958019
92e6462c-f53d-40ca-be69-ce8992528bbd,0dae6431-8455-4b19-a3bd-6b99dc74b33b,2025-05-12,True,seco,alta,olfatea,False,,,2025-12-15 06:02:56.958019,2025-12-15 06:02:56.958019
9526a42c-83e7-4b6e-b53e-8e51bd0802ca,0dae6431-8455-4b19-a3bd-6b99dc74b33b,2025-06-03,False,turbio,normal,inquietud,False,,,2025-12-15 06:02:56.958019,2025-12-15 06:02:56.958019
aa8c3609-14bd-48e2-a338-d406d0129cea,0dae6431-8455-4b19-a3bd-6b99dc74b33b,2025-06-24,True,seco,alta,lame_genitales,False,,,2025-12-15 06:02:56.958019,2025-12-15 06:02:56.958019
1bff59e0-a1db-4827-9d31-5004c638fc00,0dae6431-8455-4b19-a3bd-6b99dc74b33b,2025-07-14,True,seco,alta,lame_genitales,False,,,2025-12-15 06:02:56.958019,2025-12-15 06:02:56.958019
c4b63b98-808d-4f36-bd48-4d999660c070,0dae6431-8455-4b19-a3bd-6b99dc74b33b,2025-08-04,False,cristalino,leve,lame_genitales,False,,,2025-12-15 06:02:56.958019,2025-12-15 06:02:56.958019
770450c5-890d-4285-affd-f9a03a9aad31,0dae6431-8455-4b19-a3bd-6b99dc74b33b,2025-08-27,True,turbio,alta,olfatea,False,,,2025-12-15 06:02:56.958019,2025-12-15 06:02:56.958019
eda84021-0aa0-4bc5-b055-f5fe5e2a02c6,0dae6431-8455-4b19-a3bd-6b99dc74b33b,2025-09-17,False,seco,normal,inquietud,True,2025-09-17,True,2025-12-15 06:02:56.958019,2025-12-15 06:02:56.958019
2e90e0dd-99f5-44de-83be-e12a326d5a60,0dae6431-8455-4b19-a3bd-6b99dc74b33b,2025-10-07,True,cristalino,leve,olfatea,False,,,2025-12-15 06:02:56.958019,2025-12-15 06:02:56.958019
314d07ef-fc4d-459c-912b-016d8968c78f,0dae6431-8455-4b19-a3bd-6b99dc74b33b,2025-10-30,False,cristalino,normal,inquietud,False,,,2025-12-15 06:02:56.958019,2025-12-15 06:02:56.958019
b5952a02-b2be-4c61-a9c3-fbdf21b6231d,0dae6431-8455-4b19-a3bd-6b99dc74b33b,2025-11-23,True,cristalino,leve,nerviosismo,False,,,2025-12-15 06:02:56.958019,2025-12-15 06:02:56.958019
01e6b06f-5ccd-4c3a-a56e-31ab43fc92dd,1b46effb-ee18-43ad-b175-76198e72deaa,2024-12-19,False,turbio,normal,lame_genitales,False,,,2025-12-15 06:02:56.958019,2025-12-15 06:02:56.958019
6ebd39eb-fc98-4e7a-8459-57855b6336dc,1b46effb-ee18-43ad-b175-76198e72deaa,2025-01-09,True,cristalino,leve,monta_a_otras,True,2025-01-09,True,2025-12-15 06:02:56.958019,2025-12-15 06:02:56.958019
986664de-094f-43ab-880b-2c185ec8b5e0,1b46effb-ee18-43ad-b175-76198e72deaa,2025-01-26,False,cristalino,alta,monta_a_otras,False,,,2025-12-15 06:02:56.958019,2025-12-15 06:02:56.958019
11a09c56-da84-4402-9646-b1758ca918fe,1b46effb-ee18-43ad-b175-76198e72deaa,2025-02-14,True,cristalino,normal,inquietud,False,,,2025-12-15 06:02:56.958019,2025-12-15 06:02:56.958019
a5ea1c7c-030e-492e-9f7e-72d1641a1190,1b46effb-ee18-43ad-b175-76198e72deaa,2025-03-07,False,seco,leve,inquietud,False,,,2025-12-15 06:02:56.958019,2025-12-15 06:02:56.958019
3c7fcca2-70c8-4eea-b272-045570274f72,1b46effb-ee18-43ad-b175-76198e72deaa,2025-03-28,True,seco,leve,monta_a_otras,False,,,2025-12-15 06:02:56.958019,2025-12-15 06:02:56.958019
666b16a1-c03c-41ac-98d9-e2bf6df6cc7c,1b46effb-ee18-43ad-b175-76198e72deaa,2025-04-18,True,seco,normal,lame_genitales,False,,,2025-12-15 06:02:56.958019,2025-12-15 06:02:56.958019
d2d0f1bb-6295-41b8-be2d-e219486e709d,1b46effb-ee18-43ad-b175-76198e72deaa,2025-05-08,False,cristalino,normal,olfatea,False,,,2025-12-15 06:02:56.958019,2025-12-15 06:02:56.958019
403ed539-6d70-4374-af12-6ce64386a9fd,1b46effb-ee18-43ad-b175-76198e72deaa,2025-05-29,False,turbio,normal,inquietud,False,,,2025-12-15 06:02:56.958019,2025-12-15 06:02:56.958019
e3b394d4-52f4-49b0-891c-94b3741ebbc4,1b46effb-ee18-43ad-b175-76198e72deaa,2025-06-17,False,seco,alta,olfatea,True,2025-06-17,False,2025-12-15 06:02:56.958019,2025-12-15 06:02:56.958019
c1983639-f706-4739-97ea-7f68b3c0902d,1b46effb-ee18-43ad-b175-76198e72deaa,2025-07-04,False,cristalino,normal,inquietud,False,,,2025-12-15 06:02:56.958019,2025-12-15 06:02:56.958019
bac5b2f3-2ab3-4628-a3fb-4384f8b1276e,1b46effb-ee18-43ad-b175-76198e72deaa,2025-07-24,False,turbio,alta,olfatea,False,,,2025-12-15 06:02:56.959018,2025-12-15 06:02:56.959018
135b6564-07cc-4941-a5f2-15980521778d,1b46effb-ee18-43ad-b175-76198e72deaa,2025-08-11,True,seco,leve,olfatea,False,,,2025-12-15 06:02:56.959018,2025-12-15 06:02:56.959018
fac8851b-6686-4f3a-887d-6403a32f7116,1b46effb-ee18-43ad-b175-76198e72deaa,2025-08-29,True,turbio,alta,olfatea,False,,,2025-12-15 06:02:56.959018,2025-12-15 06:02:56.959018
cfe23321-57f9-4e53-9ff6-82ed94cc9710,1b46effb-ee18-43ad-b175-76198e72deaa,2025-09-18,False,seco,normal,mugido,True,2025-09-18,True,2025-12-15 06:02:56.959018,2025-12-15 06:02:56.959018
2625327b-b69c-4485-9fd3-098a9d6753c3,1b46effb-ee18-43ad-b175-76198e72deaa,2025-10-09,True,cristalino,leve,inquietud,False,,,2025-12-15 06:02:56.959018,2025-12-15 06:02:56.959018
11246315-89e8-4e10-9dfb-998335f02b09,1b46effb-ee18-43ad-b175-76198e72deaa,2025-10-28,True,turbio,normal,olfatea,False,,,2025-12-15 06:02:56.959018,2025-12-15 06:02:56.959018
e8db87a6-d426-4ee8-8c2a-f58489825359,1b46effb-ee18-43ad-b175-76198e72deaa,2025-11-17,False,cristalino,alta,monta_a_otras,False,,,2025-12-15 06:02:56.959018,2025-12-15 06:02:56.959018
422b12e3-5fd1-4ce0-8016-b492356c2337,1b46effb-ee18-43ad-b175-76198e72deaa,2025-12-05,True,seco,alta,nerviosismo,False,,,2025-12-15 06:02:56.959018,2025-12-15 06:02:56.959018
a0402c85-dfec-4cfd-893b-b5b69d5dd313,bbe2bf41-cc47-47a3-a20a-7dec7e7faf49,2024-12-31,True,seco,leve,lame_genitales,True,2024-12-31,True,2025-12-15 06:02:56.959018,2025-12-15 06:02:56.959018
6de6bf62-066e-46ba-9ee2-07be1e15fbff,bbe2bf41-cc47-47a3-a20a-7dec7e7faf49,2025-01-20,True,cristalino,leve,mugido,False,,,2025-12-15 06:02:56.959018,2025-12-15 06:02:56.959018
14f089c1-a2a4-431c-958b-f0c3f010b4f2,bbe2bf41-cc47-47a3-a20a-7dec7e7faf49,2025-02-10,False,turbio,normal,mugido,False,,,2025-12-15 06:02:56.959018,2025-12-15 06:02:56.959018
c77ac211-4689-4055-a1b7-cfcc107238de,bbe2bf41-cc47-47a3-a20a-7dec7e7faf49,2025-03-02,True,turbio,normal,inquietud,False,,,2025-12-15 06:02:56.959018,2025-12-15 06:02:56.959018
e1e37697-ee7e-44e0-b2ab-f8aee456997b,bbe2bf41-cc47-47a3-a20a-7dec7e7faf49,2025-03-23,False,seco,normal,mugido,True,2025-03-23,True,2025-12-15 06:02:56.959018,2025-12-15 06:02:56.959018
e80961c5-9ed7-4446-bb2e-3a4ee060cbbc,bbe2bf41-cc47-47a3-a20a-7dec7e7faf49,2025-04-12,False,turbio,leve,lame_genitales,False,,,2025-12-15 06:02:56.959018,2025-12-15 06:02:56.959018
9b84c53d-5676-4025-a3db-17db244b6924,bbe2bf41-cc47-47a3-a20a-7dec7e7faf49,2025-04-30,True,cristalino,alta,olfatea,True,2025-04-30,True,2025-12-15 06:02:56.959018,2025-12-15 06:02:56.959018
ac6418a1-eb46-4904-8303-e1b353a4ceee,bbe2bf41-cc47-47a3-a20a-7dec7e7faf49,2025-05-19,True,seco,leve,mugido,False,,,2025-12-15 06:02:56.959018,2025-12-15 06:02:56.959018
2e6dd286-faab-411f-aaf6-4bbb64cd064c,bbe2bf41-cc47-47a3-a20a-7dec7e7faf49,2025-06-08,True,cristalino,normal,monta_a_otras,True,2025-06-08,True,2025-12-15 06:02:56.959018,2025-12-15 06:02:56.959018
0867cd5f-6d16-4479-be17-7bb77879b823,bbe2bf41-cc47-47a3-a20a-7dec7e7faf49,2025-06-30,False,turbio,normal,monta_a_otras,False,,,2025-12-15 06:02:56.959018,2025-12-15 06:02:56.959018
ea08ba25-7262-4ac8-8c94-ce6633f085b2,bbe2bf41-cc47-47a3-a20a-7dec7e7faf49,2025-07-19,False,seco,leve,olfatea,False,,,2025-12-15 06:02:56.959018,2025-12-15 06:02:56.959018
11d28968-ac63-4b3f-abb6-9c9e965a7540,bbe2bf41-cc47-47a3-a20a-7dec7e7faf49,2025-08-10,False,cristalino,alta,monta_a_otras,False,,,2025-12-15 06:02:56.959018,2025-12-15 06:02:56.959018
e9549598-92e2-4d07-a171-6daf27c8ce89,bbe2bf41-cc47-47a3-a20a-7dec7e7faf49,2025-08-29,False,cristalino,alta,nerviosismo,False,,,2025-12-15 06:02:56.959018,2025-12-15 06:02:56.959018
38a69935-f737-45c8-8a6c-66937fbf40b7,bbe2bf41-cc47-47a3-a20a-7dec7e7faf49,2025-09-18,True,seco,normal,olfatea,True,2025-09-18,False,2025-12-15 06:02:56.959018,2025-12-15 06:02:56.959018
81988d63-f5da-47a3-8842-b0ffd3b24aba,bbe2bf41-cc47-47a3-a20a-7dec7e7faf49,2025-10-07,False,turbio,leve,nerviosismo,False,,,2025-12-15 06:02:56.959018,2025-12-15 06:02:56.959018
d2e02bfe-c463-4931-a4ed-5871c57946d5,bbe2bf41-cc47-47a3-a20a-7dec7e7faf49,2025-10-25,True,seco,normal,monta_a_otras,True,2025-10-25,True,2025-12-15 06:02:56.959018,2025-12-15 06:02:56.959018
4b9d9df9-4dd2-44c6-83c7-a15e61af1922,bbe2bf41-cc47-47a3-a20a-7dec7e7faf49,2025-11-14,True,turbio,leve,olfatea,False,,,2025-12-15 06:02:56.959018,2025-12-15 06:02:56.959018
097db2fb-b45d-4940-8e53-3336c627fff5,bbe2bf41-cc47-47a3-a20a-7dec7e7faf49,2025-12-02,True,seco,leve,olfatea,False,,,2025-12-15 06:02:56.959018,2025-12-15 06:02:56.959018
d80791b8-7417-40d3-a86c-7168f5b59819,22f18598-8f34-497d-8684-fafe93e51a63,2025-03-04,True,seco,normal,lame_genitales,False,,,2025-12-15 06:02:56.959018,2025-12-15 06:02:56.959018
127d5c9d-5dc1-48d5-8367-8ef878dae7db,22f18598-8f34-497d-8684-fafe93e51a63,2025-03-25,True,seco,normal,lame_genitales,True,2025-03-25,False,2025-12-15 06:02:56.959018,2025-12-15 06:02:56.959018
7be08427-90b6-4071-9b78-349d4425dd58,22f18598-8f34-497d-8684-fafe93e51a63,2025-04-15,False,turbio,alta,olfatea,True,2025-04-15,False,2025-12-15 06:02:56.959018,2025-12-15 06:02:56.959018
f0a906bd-4ec4-4a46-8a9c-566a508b3409,22f18598-8f34-497d-8684-fafe93e51a63,2025-05-05,False,seco,alta,lame_genitales,True,2025-05-05,True,2025-12-15 06:02:56.959018,2025-12-15 06:02:56.959018
a627a5fc-4aec-4de9-92d1-81bf29113296,22f18598-8f34-497d-8684-fafe93e51a63,2025-05-27,False,cristalino,leve,inquietud,False,,,2025-12-15 06:02:56.959018,2025-12-15 06:02:56.959018
3efb25d8-1216-460a-815c-55cb217ac84d,22f18598-8f34-497d-8684-fafe93e51a63,2025-06-14,False,cristalino,leve,inquietud,False,,,2025-12-15 06:02:56.959018,2025-12-15 06:02:56.959018
22c12dba-a915-41fe-8982-734c5500ac85,22f18598-8f34-497d-8684-fafe93e51a63,2025-07-06,False,turbio,normal,lame_genitales,False,,,2025-12-15 06:02:56.959018,2025-12-15 06:02:56.959018
1c4b309c-844d-4ca9-bde2-b482b79cb140,22f18598-8f34-497d-8684-fafe93e51a63,2025-07-25,False,turbio,leve,monta_a_otras,False,,,2025-12-15 06:02:56.959018,2025-12-15 06:02:56.959018
09059e50-4c24-40ad-8e2c-eac479a3a65c,22f18598-8f34-497d-8684-fafe93e51a63,2025-08-16,False,turbio,alta,monta_a_otras,False,,,2025-12-15 06:02:56.959018,2025-12-15 06:02:56.959018
d16a76df-b5bf-4c84-ad3e-9b291285e1e8,22f18598-8f34-497d-8684-fafe93e51a63,2025-09-07,True,turbio,normal,mugido,False,,,2025-12-15 06:02:56.959018,2025-12-15 06:02:56.959018
03a40755-03a8-4793-a1b4-5b80de319cc9,22f18598-8f34-497d-8684-fafe93e51a63,2025-09-25,False,cristalino,leve,mugido,False,,,2025-12-15 06:02:56.959018,2025-12-15 06:02:56.959018
dd8450a7-465c-4f5d-aad8-98bd2c8a49db,22f18598-8f34-497d-8684-fafe93e51a63,2025-10-17,False,cristalino,alta,mugido,False,,,2025-12-15 06:02:56.959018,2025-12-15 06:02:56.959018
55d7bf3f-8bd0-4367-b3a2-9eaf5e70626b,22f18598-8f34-497d-8684-fafe93e51a63,2025-11-05,False,seco,alta,mugido,False,,,2025-12-15 06:02:56.959018,2025-12-15 06:02:56.959018
ec7e3960-5321-418d-ba93-c573c6463c58,22f18598-8f34-497d-8684-fafe93e51a63,2025-11-25,False,turbio,normal,mugido,False,,,2025-12-15 06:02:56.959018,2025-12-15 06:02:56.959018
